ID_linkage.event_ID,ID_linkage.imp_sub_ID,ID_linkage.haz_sub_ID,ID_linkage.imp_ext_IDs,source.imp_src_db,source.imp_src_URL,source.imp_src_org,impact_detail.exp_spec,impact_detail.imp_value,impact_detail.imp_type,impact_detail.imp_units,impact_detail.imp_est_type,impact_detail.imp_unitdate,temporal.imp_sdate,temporal.imp_fdate,temporal.imp_credate,spatial.ID_linkage,spatial.spatial_info,spatial.source,temporal.imp_moddate
monty_031f0987-9d17-4007-9665-85b85448af82,imp_9b8cb91a-17fd-4e51-84b5-564a92db5444,[],"[{'ext_ID': 'ARG-7838-a', 'ext_ID_db': 'Desinventar', 'ext_ID_org': 'UNDRR'}]",Desinventar,https://www.desinventar.net/DesInventar/download/DI_export_ARG.zip,UNDRR,expspec_crop,1000000.0,imptypdama,unitshectare,esttype_prim,2007-08-20,2007-08-20,2067-08-05,2007-08-20,"[{'imp_spat_ID': 'UNDRR-GovDes-ADM0-ARG', 'imp_spat_fileloc': 'https://www.desinventar.net/DesInventar/download/DI_export_ARG.zip'}]","[{'imp_ISO3s': 'ARG', 'imp_spat_covcode': 'spat_polygon', 'imp_spat_res': 0, 'imp_spat_resunits': 'adminlevel', 'imp_spat_crs': 'EPSG:4326'}]","[{'imp_spat_srcdb': 'GovDes', 'imp_spat_URL': 'https://www.desinventar.net/download.html', 'imp_spat_srcorg': 'UNDRR'}]",
monty_031f0987-9d17-4007-9665-85b85448af82,imp_8e3f7a2e-7409-42bc-8a9f-8d8b69c74e9c,[],"[{'ext_ID': 'ARG-7838-a', 'ext_ID_db': 'Desinventar', 'ext_ID_org': 'UNDRR'}]",Desinventar,https://www.desinventar.net/DesInventar/download/DI_export_ARG.zip,UNDRR,expspec_allpeop,200.0,imptypereloc,unitscountnum,esttype_prim,2007-08-20,2007-08-20,2067-08-05,2007-08-20,"[{'imp_spat_ID': 'UNDRR-GovDes-ADM0-ARG', 'imp_spat_fileloc': 'https://www.desinventar.net/DesInventar/download/DI_export_ARG.zip'}]","[{'imp_ISO3s': 'ARG', 'imp_spat_covcode': 'spat_polygon', 'imp_spat_res': 0, 'imp_spat_resunits': 'adminlevel', 'imp_spat_crs': 'EPSG:4326'}]","[{'imp_spat_srcdb': 'GovDes', 'imp_spat_URL': 'https://www.desinventar.net/download.html', 'imp_spat_srcorg': 'UNDRR'}]",
monty_e6567a9d-2896-4508-b525-ddfcb79e0891,imp_8f0c3820-b475-421e-b822-060f6b75b3c6,[],"[{'ext_ID': 'MDRVN022', 'ext_ID_db': 'GO-App', 'ext_ID_org': 'IFRC'}]",GO-DREF,https://goadmin.ifrc.org/api/v2/appeal,IFRC,expspec_allpeop,25525.0,imptyptarg,unitscountnum,esttype_prim,2021-04-09,2021-04-09,2026-04-30,2022-12-29,"[{'imp_spat_ID': 'GO-ADM0-World-shp', 'imp_spat_fileloc': 'https://go-user-library.ifrc.org/maps'}]","[{'imp_ISO3s': 'VNM', 'imp_spat_covcode': 'spat_polygon', 'imp_spat_res': 0, 'imp_spat_resunits': 'adminlevel', 'imp_spat_crs': 'EPSG:4326'}]","[{'imp_spat_srcdb': 'GO-Maps', 'imp_spat_URL': 'https://go-user-library.ifrc.org/maps', 'imp_spat_srcorg': 'IFRC'}]",2024-08-14
monty_e6567a9d-2896-4508-b525-ddfcb79e0891,imp_853b0d5c-d69e-4e23-a053-7cdedbd56108,[],"[{'ext_ID': 'MDRVN022', 'ext_ID_db': 'GO-App', 'ext_ID_org': 'IFRC'}]",GO-DREF,https://goadmin.ifrc.org/api/v2/appeal,IFRC,expspec_ecoifrcall,225286.0,imptypcost,unitISO4217C-CHF,esttype_prim,2021-04-09,2021-04-09,2026-04-30,2022-12-29,"[{'imp_spat_ID': 'GO-ADM0-World-shp', 'imp_spat_fileloc': 'https://go-user-library.ifrc.org/maps'}]","[{'imp_ISO3s': 'VNM', 'imp_spat_covcode': 'spat_polygon', 'imp_spat_res': 0, 'imp_spat_resunits': 'adminlevel', 'imp_spat_crs': 'EPSG:4326'}]","[{'imp_spat_srcdb': 'GO-Maps', 'imp_spat_URL': 'https://go-user-library.ifrc.org/maps', 'imp_spat_srcorg': 'IFRC'}]",2024-08-14
monty_79e9ce45-3223-4b22-abb7-b99e997ee0a6,imp_da824516-ba06-4db0-9358-a11b1db8bc0c,[],"[{'ext_ID': 'KEN-28043', 'ext_ID_db': 'Desinventar', 'ext_ID_org': 'UNDRR'}]",Desinventar,https://www.desinventar.net/DesInventar/download/DI_export_KEN.zip,UNDRR,expspec_allpeop,1.0,imptypinju,unitscountnum,esttype_prim,2021-05-29,2021-05-29,2026-12-09,2021-05-29,"[{'imp_spat_ID': 'UNDRR-GovDes-ADM0-KEN', 'imp_spat_fileloc': 'https://www.desinventar.net/DesInventar/download/DI_export_KEN.zip'}]","[{'imp_ISO3s': 'KEN', 'imp_spat_covcode': 'spat_polygon', 'imp_spat_res': 0, 'imp_spat_resunits': 'adminlevel', 'imp_spat_crs': 'EPSG:4326'}]","[{'imp_spat_srcdb': 'GovDes', 'imp_spat_URL': 'https://www.desinventar.net/download.html', 'imp_spat_srcorg': 'UNDRR'}]",
monty_79e9ce45-3223-4b22-abb7-b99e997ee0a6,imp_ad2f8217-c32b-48ee-9595-6e4ceb1d6836,[],"[{'ext_ID': 'KEN-28047', 'ext_ID_db': 'Desinventar', 'ext_ID_org': 'UNDRR'}]",Desinventar,https://www.desinventar.net/DesInventar/download/DI_export_KEN.zip,UNDRR,expspec_allpeop,4.0,imptypinju,unitscountnum,esttype_prim,2021-05-29,2021-05-29,2027-10-25,2021-05-29,"[{'imp_spat_ID': 'UNDRR-GovDes-ADM0-KEN', 'imp_spat_fileloc': 'https://www.desinventar.net/DesInventar/download/DI_export_KEN.zip'}]","[{'imp_ISO3s': 'KEN', 'imp_spat_covcode': 'spat_polygon', 'imp_spat_res': 0, 'imp_spat_resunits': 'adminlevel', 'imp_spat_crs': 'EPSG:4326'}]","[{'imp_spat_srcdb': 'GovDes', 'imp_spat_URL': 'https://www.desinventar.net/download.html', 'imp_spat_srcorg': 'UNDRR'}]",
monty_79e9ce45-3223-4b22-abb7-b99e997ee0a6,imp_a436913d-dcc4-4210-a128-2e906a0585e8,[],"[{'ext_ID': 'KEN-28047', 'ext_ID_db': 'Desinventar', 'ext_ID_org': 'UNDRR'}]",Desinventar,https://www.desinventar.net/DesInventar/download/DI_export_KEN.zip,UNDRR,expspec_allpeop,1.0,imptypdeat,unitscountnum,esttype_prim,2021-05-29,2021-05-29,2027-10-25,2021-05-29,"[{'imp_spat_ID': 'UNDRR-GovDes-ADM0-KEN', 'imp_spat_fileloc': 'https://www.desinventar.net/DesInventar/download/DI_export_KEN.zip'}]","[{'imp_ISO3s': 'KEN', 'imp_spat_covcode': 'spat_polygon', 'imp_spat_res': 0, 'imp_spat_resunits': 'adminlevel', 'imp_spat_crs': 'EPSG:4326'}]","[{'imp_spat_srcdb': 'GovDes', 'imp_spat_URL': 'https://www.desinventar.net/download.html', 'imp_spat_srcorg': 'UNDRR'}]",
monty_92707914-9d5f-4d28-9bd9-17fb97bc33a9,imp_7d9c2e0d-6998-46ad-9292-abfe88ef7ac3,[],"[{'ext_ID': 'KEN-28094', 'ext_ID_db': 'Desinventar', 'ext_ID_org': 'UNDRR'}]",Desinventar,https://www.desinventar.net/DesInventar/download/DI_export_KEN.zip,UNDRR,expspec_allpeop,1.0,imptypdeat,unitscountnum,esttype_prim,2021-06-01,2021-06-01,2027-01-16,2021-06-01,"[{'imp_spat_ID': 'UNDRR-GovDes-ADM0-KEN', 'imp_spat_fileloc': 'https://www.desinventar.net/DesInventar/download/DI_export_KEN.zip'}]","[{'imp_ISO3s': 'KEN', 'imp_spat_covcode': 'spat_polygon', 'imp_spat_res': 0, 'imp_spat_resunits': 'adminlevel', 'imp_spat_crs': 'EPSG:4326'}]","[{'imp_spat_srcdb': 'GovDes', 'imp_spat_URL': 'https://www.desinventar.net/download.html', 'imp_spat_srcorg': 'UNDRR'}]",
monty_c85d865b-d2a1-4b41-b819-b7970a384b87,imp_ac941f7d-1241-45f0-aceb-5212e1e5a0aa,[],"[{'ext_ID': 'KEN-28159', 'ext_ID_db': 'Desinventar', 'ext_ID_org': 'UNDRR'}]",Desinventar,https://www.desinventar.net/DesInventar/download/DI_export_KEN.zip,UNDRR,expspec_ecototunkinf,980000.0,imptypcost,unitscostunknown,esttype_prim,2021-06-08,2021-06-08,2027-04-08,2021-06-08,"[{'imp_spat_ID': 'UNDRR-GovDes-ADM0-KEN', 'imp_spat_fileloc': 'https://www.desinventar.net/DesInventar/download/DI_export_KEN.zip'}]","[{'imp_ISO3s': 'KEN', 'imp_spat_covcode': 'spat_polygon', 'imp_spat_res': 0, 'imp_spat_resunits': 'adminlevel', 'imp_spat_crs': 'EPSG:4326'}]","[{'imp_spat_srcdb': 'GovDes', 'imp_spat_URL': 'https://www.desinventar.net/download.html', 'imp_spat_srcorg': 'UNDRR'}]",
monty_ab9d0d8e-15cd-4cdf-9ff4-42da639c5081,imp_f0faf8ca-006b-422b-bd21-95d4df30e989,[],"[{'ext_ID': 'KEN-28297', 'ext_ID_db': 'Desinventar', 'ext_ID_org': 'UNDRR'}]",Desinventar,https://www.desinventar.net/DesInventar/download/DI_export_KEN.zip,UNDRR,expspec_allpeop,1.0,imptypdeat,unitscountnum,esttype_prim,2021-06-26,2021-06-26,2026-09-08,2021-06-26,"[{'imp_spat_ID': 'UNDRR-GovDes-ADM0-KEN', 'imp_spat_fileloc': 'https://www.desinventar.net/DesInventar/download/DI_export_KEN.zip'}]","[{'imp_ISO3s': 'KEN', 'imp_spat_covcode': 'spat_polygon', 'imp_spat_res': 0, 'imp_spat_resunits': 'adminlevel', 'imp_spat_crs': 'EPSG:4326'}]","[{'imp_spat_srcdb': 'GovDes', 'imp_spat_URL': 'https://www.desinventar.net/download.html', 'imp_spat_srcorg': 'UNDRR'}]",
monty_03e2f04a-10d1-4e8c-ab8b-93ee2d2ba153,imp_2c5eb46c-fd04-4c0a-af2f-a8ac28d6ffce,[],"[{'ext_ID': 'KEN-28462', 'ext_ID_db': 'Desinventar', 'ext_ID_org': 'UNDRR'}]",Desinventar,https://www.desinventar.net/DesInventar/download/DI_export_KEN.zip,UNDRR,expspec_allpeop,11.0,imptypinju,unitscountnum,esttype_prim,2021-07-18,2021-07-18,2027-09-10,2021-07-18,"[{'imp_spat_ID': 'UNDRR-GovDes-ADM0-KEN', 'imp_spat_fileloc': 'https://www.desinventar.net/DesInventar/download/DI_export_KEN.zip'}]","[{'imp_ISO3s': 'KEN', 'imp_spat_covcode': 'spat_polygon', 'imp_spat_res': 0, 'imp_spat_resunits': 'adminlevel', 'imp_spat_crs': 'EPSG:4326'}]","[{'imp_spat_srcdb': 'GovDes', 'imp_spat_URL': 'https://www.desinventar.net/download.html', 'imp_spat_srcorg': 'UNDRR'}]",
monty_03e2f04a-10d1-4e8c-ab8b-93ee2d2ba153,imp_8254816e-60b2-46c4-9a4e-79b96047f705,[],"[{'ext_ID': 'KEN-28462', 'ext_ID_db': 'Desinventar', 'ext_ID_org': 'UNDRR'}]",Desinventar,https://www.desinventar.net/DesInventar/download/DI_export_KEN.zip,UNDRR,expspec_allpeop,12.0,imptypdeat,unitscountnum,esttype_prim,2021-07-18,2021-07-18,2027-09-10,2021-07-18,"[{'imp_spat_ID': 'UNDRR-GovDes-ADM0-KEN', 'imp_spat_fileloc': 'https://www.desinventar.net/DesInventar/download/DI_export_KEN.zip'}]","[{'imp_ISO3s': 'KEN', 'imp_spat_covcode': 'spat_polygon', 'imp_spat_res': 0, 'imp_spat_resunits': 'adminlevel', 'imp_spat_crs': 'EPSG:4326'}]","[{'imp_spat_srcdb': 'GovDes', 'imp_spat_URL': 'https://www.desinventar.net/download.html', 'imp_spat_srcorg': 'UNDRR'}]",
monty_56da32ea-cfc4-42d1-a8be-508a3f27a88a,imp_0a13d8ca-25b0-4e0c-8008-2bd7326a09c2,[],"[{'ext_ID': 'KEN-28495', 'ext_ID_db': 'Desinventar', 'ext_ID_org': 'UNDRR'}]",Desinventar,https://www.desinventar.net/DesInventar/download/DI_export_KEN.zip,UNDRR,expspec_allpeop,1.0,imptypdeat,unitscountnum,esttype_prim,2021-07-29,2021-07-29,2026-05-15,2021-07-29,"[{'imp_spat_ID': 'UNDRR-GovDes-ADM0-KEN', 'imp_spat_fileloc': 'https://www.desinventar.net/DesInventar/download/DI_export_KEN.zip'}]","[{'imp_ISO3s': 'KEN', 'imp_spat_covcode': 'spat_polygon', 'imp_spat_res': 0, 'imp_spat_resunits': 'adminlevel', 'imp_spat_crs': 'EPSG:4326'}]","[{'imp_spat_srcdb': 'GovDes', 'imp_spat_URL': 'https://www.desinventar.net/download.html', 'imp_spat_srcorg': 'UNDRR'}]",
monty_56da32ea-cfc4-42d1-a8be-508a3f27a88a,imp_f42fc82e-6352-4b5c-bcae-21445a4219f1,[],"[{'ext_ID': 'KEN-28494', 'ext_ID_db': 'Desinventar', 'ext_ID_org': 'UNDRR'}]",Desinventar,https://www.desinventar.net/DesInventar/download/DI_export_KEN.zip,UNDRR,expspec_allpeop,1.0,imptypdeat,unitscountnum,esttype_prim,2021-07-29,2021-07-29,2022-09-22,2021-07-29,"[{'imp_spat_ID': 'UNDRR-GovDes-ADM0-KEN', 'imp_spat_fileloc': 'https://www.desinventar.net/DesInventar/download/DI_export_KEN.zip'}]","[{'imp_ISO3s': 'KEN', 'imp_spat_covcode': 'spat_polygon', 'imp_spat_res': 0, 'imp_spat_resunits': 'adminlevel', 'imp_spat_crs': 'EPSG:4326'}]","[{'imp_spat_srcdb': 'GovDes', 'imp_spat_URL': 'https://www.desinventar.net/download.html', 'imp_spat_srcorg': 'UNDRR'}]",
monty_7e18f553-b23a-40dd-889f-1509256486aa,imp_1e4e784a-7742-4756-bd0f-b8d66fadebc4,[],"[{'ext_ID': 'KEN-28445', 'ext_ID_db': 'Desinventar', 'ext_ID_org': 'UNDRR'}]",Desinventar,https://www.desinventar.net/DesInventar/download/DI_export_KEN.zip,UNDRR,expspec_allpeop,1.0,imptypdeat,unitscountnum,esttype_prim,2021-08-06,2021-08-06,2026-01-02,2021-08-06,"[{'imp_spat_ID': 'UNDRR-GovDes-ADM0-KEN', 'imp_spat_fileloc': 'https://www.desinventar.net/DesInventar/download/DI_export_KEN.zip'}]","[{'imp_ISO3s': 'KEN', 'imp_spat_covcode': 'spat_polygon', 'imp_spat_res': 0, 'imp_spat_resunits': 'adminlevel', 'imp_spat_crs': 'EPSG:4326'}]","[{'imp_spat_srcdb': 'GovDes', 'imp_spat_URL': 'https://www.desinventar.net/download.html', 'imp_spat_srcorg': 'UNDRR'}]",
monty_63d3c569-95f2-4b5f-af13-04f788946c79,imp_11f36171-6e09-4f61-90a1-a79d098534f4,[],"[{'ext_ID': 'MDRUG048', 'ext_ID_db': 'GO-App', 'ext_ID_org': 'IFRC'}]",GO-DREF,https://goadmin.ifrc.org/api/v2/appeal,IFRC,expspec_allpeop,11201.0,imptyptarg,unitscountnum,esttype_prim,2021-11-01,2021-11-01,2026-11-30,2022-12-27,"[{'imp_spat_ID': 'GO-ADM0-World-shp', 'imp_spat_fileloc': 'https://go-user-library.ifrc.org/maps'}]","[{'imp_ISO3s': 'UGA', 'imp_spat_covcode': 'spat_polygon', 'imp_spat_res': 0, 'imp_spat_resunits': 'adminlevel', 'imp_spat_crs': 'EPSG:4326'}]","[{'imp_spat_srcdb': 'GO-Maps', 'imp_spat_URL': 'https://go-user-library.ifrc.org/maps', 'imp_spat_srcorg': 'IFRC'}]",2024-08-14
monty_63d3c569-95f2-4b5f-af13-04f788946c79,imp_a5db0991-a721-4fde-84d5-300c177ef681,[],"[{'ext_ID': 'MDRUG048', 'ext_ID_db': 'GO-App', 'ext_ID_org': 'IFRC'}]",GO-DREF,https://goadmin.ifrc.org/api/v2/appeal,IFRC,expspec_ecoifrcall,348761.0,imptypcost,unitISO4217C-CHF,esttype_prim,2021-11-01,2021-11-01,2026-11-30,2022-12-27,"[{'imp_spat_ID': 'GO-ADM0-World-shp', 'imp_spat_fileloc': 'https://go-user-library.ifrc.org/maps'}]","[{'imp_ISO3s': 'UGA', 'imp_spat_covcode': 'spat_polygon', 'imp_spat_res': 0, 'imp_spat_resunits': 'adminlevel', 'imp_spat_crs': 'EPSG:4326'}]","[{'imp_spat_srcdb': 'GO-Maps', 'imp_spat_URL': 'https://go-user-library.ifrc.org/maps', 'imp_spat_srcorg': 'IFRC'}]",2024-08-14
monty_34eab1e0-cb74-4a2a-ab51-404430aab46e,imp_06be5ade-fb92-4fcc-9f54-1ce5be4f7696,[],"[{'ext_ID': 'MDRTJ034', 'ext_ID_db': 'GO-App', 'ext_ID_org': 'IFRC'}]",GO-DREF,https://goadmin.ifrc.org/api/v2/appeal,IFRC,expspec_allpeop,5580.0,imptyptarg,unitscountnum,esttype_prim,2022-02-24,2022-02-24,2026-12-31,2022-12-27,"[{'imp_spat_ID': 'GO-ADM0-World-shp', 'imp_spat_fileloc': 'https://go-user-library.ifrc.org/maps'}]","[{'imp_ISO3s': 'TJK', 'imp_spat_covcode': 'spat_polygon', 'imp_spat_res': 0, 'imp_spat_resunits': 'adminlevel', 'imp_spat_crs': 'EPSG:4326'}]","[{'imp_spat_srcdb': 'GO-Maps', 'imp_spat_URL': 'https://go-user-library.ifrc.org/maps', 'imp_spat_srcorg': 'IFRC'}]",2024-08-14
monty_34eab1e0-cb74-4a2a-ab51-404430aab46e,imp_cb57c024-a9ce-4715-bd0c-1b9114c5eab2,[],"[{'ext_ID': 'MDRTJ034', 'ext_ID_db': 'GO-App', 'ext_ID_org': 'IFRC'}]",GO-DREF,https://goadmin.ifrc.org/api/v2/appeal,IFRC,expspec_ecoifrcall,249971.0,imptypcost,unitISO4217C-CHF,esttype_prim,2022-02-24,2022-02-24,2026-12-31,2022-12-27,"[{'imp_spat_ID': 'GO-ADM0-World-shp', 'imp_spat_fileloc': 'https://go-user-library.ifrc.org/maps'}]","[{'imp_ISO3s': 'TJK', 'imp_spat_covcode': 'spat_polygon', 'imp_spat_res': 0, 'imp_spat_resunits': 'adminlevel', 'imp_spat_crs': 'EPSG:4326'}]","[{'imp_spat_srcdb': 'GO-Maps', 'imp_spat_URL': 'https://go-user-library.ifrc.org/maps', 'imp_spat_srcorg': 'IFRC'}]",2024-08-14
monty_74ea906b-cdd4-4972-b774-cb02bf577c5d,imp_da241099-8fdd-4788-8ca4-f6952b083179,[],"[{'ext_ID': 'MDRCR022', 'ext_ID_db': 'GO-App', 'ext_ID_org': 'IFRC'}]",GO-DREF,https://goadmin.ifrc.org/api/v2/appeal,IFRC,expspec_allpeop,10000.0,imptyptarg,unitscountnum,esttype_prim,2022-06-21,2022-06-21,2027-06-30,2022-12-27,"[{'imp_spat_ID': 'GO-ADM0-World-shp', 'imp_spat_fileloc': 'https://go-user-library.ifrc.org/maps'}]","[{'imp_ISO3s': 'CRI', 'imp_spat_covcode': 'spat_polygon', 'imp_spat_res': 0, 'imp_spat_resunits': 'adminlevel', 'imp_spat_crs': 'EPSG:4326'}]","[{'imp_spat_srcdb': 'GO-Maps', 'imp_spat_URL': 'https://go-user-library.ifrc.org/maps', 'imp_spat_srcorg': 'IFRC'}]",2024-08-14
monty_74ea906b-cdd4-4972-b774-cb02bf577c5d,imp_f18d4aa9-09bf-43aa-abf2-36e1270c9b20,[],"[{'ext_ID': 'MDRCR022', 'ext_ID_db': 'GO-App', 'ext_ID_org': 'IFRC'}]",GO-DREF,https://goadmin.ifrc.org/api/v2/appeal,IFRC,expspec_ecoifrcall,383103.0,imptypcost,unitISO4217C-CHF,esttype_prim,2022-06-21,2022-06-21,2027-06-30,2022-12-27,"[{'imp_spat_ID': 'GO-ADM0-World-shp', 'imp_spat_fileloc': 'https://go-user-library.ifrc.org/maps'}]","[{'imp_ISO3s': 'CRI', 'imp_spat_covcode': 'spat_polygon', 'imp_spat_res': 0, 'imp_spat_resunits': 'adminlevel', 'imp_spat_crs': 'EPSG:4326'}]","[{'imp_spat_srcdb': 'GO-Maps', 'imp_spat_URL': 'https://go-user-library.ifrc.org/maps', 'imp_spat_srcorg': 'IFRC'}]",2024-08-14
monty_112464f6-a756-4b95-87d8-dec2d874fff5,imp_fec29daf-9b76-4f23-bcf8-9590eecefddb,[],"[{'ext_ID': 'MDRPK023', 'ext_ID_db': 'GO-App', 'ext_ID_org': 'IFRC'}]",GO-EA,https://goadmin.ifrc.org/api/v2/appeal,IFRC,expspec_allpeop,1000000.0,imptyptarg,unitscountnum,esttype_prim,2022-07-23,2022-07-23,2024-12-31,2022-07-25,"[{'imp_spat_ID': 'GO-ADM0-World-shp', 'imp_spat_fileloc': 'https://go-user-library.ifrc.org/maps'}]","[{'imp_ISO3s': 'PAK', 'imp_spat_covcode': 'spat_polygon', 'imp_spat_res': 0, 'imp_spat_resunits': 'adminlevel', 'imp_spat_crs': 'EPSG:4326'}]","[{'imp_spat_srcdb': 'GO-Maps', 'imp_spat_URL': 'https://go-user-library.ifrc.org/maps', 'imp_spat_srcorg': 'IFRC'}]",2024-08-14
monty_112464f6-a756-4b95-87d8-dec2d874fff5,imp_978b9321-d9d6-4f7d-aee9-0bf3d7f14f7d,[],"[{'ext_ID': 'MDRPK023', 'ext_ID_db': 'GO-App', 'ext_ID_org': 'IFRC'}]",GO-EA,https://goadmin.ifrc.org/api/v2/appeal,IFRC,expspec_ecoifrcall,24623668.45,imptypcost,unitISO4217C-CHF,esttype_prim,2022-07-23,2022-07-23,2024-12-31,2022-07-25,"[{'imp_spat_ID': 'GO-ADM0-World-shp', 'imp_spat_fileloc': 'https://go-user-library.ifrc.org/maps'}]","[{'imp_ISO3s': 'PAK', 'imp_spat_covcode': 'spat_polygon', 'imp_spat_res': 0, 'imp_spat_resunits': 'adminlevel', 'imp_spat_crs': 'EPSG:4326'}]","[{'imp_spat_srcdb': 'GO-Maps', 'imp_spat_URL': 'https://go-user-library.ifrc.org/maps', 'imp_spat_srcorg': 'IFRC'}]",2024-08-14
monty_ab6df5fd-ecac-41b8-b245-66b2edcab212,imp_671f8fc5-ce2d-44c2-a2b5-310eb1668846,[],"[{'ext_ID': 'MDRDJ006', 'ext_ID_db': 'GO-App', 'ext_ID_org': 'IFRC'}]",GO-DREF,https://goadmin.ifrc.org/api/v2/appeal,IFRC,expspec_allpeop,2500.0,imptyptarg,unitscountnum,esttype_prim,2022-11-23,2022-11-23,2024-12-31,2022-11-23,"[{'imp_spat_ID': 'GO-ADM0-World-shp', 'imp_spat_fileloc': 'https://go-user-library.ifrc.org/maps'}]","[{'imp_ISO3s': 'DJI', 'imp_spat_covcode': 'spat_polygon', 'imp_spat_res': 0, 'imp_spat_resunits': 'adminlevel', 'imp_spat_crs': 'EPSG:4326'}]","[{'imp_spat_srcdb': 'GO-Maps', 'imp_spat_URL': 'https://go-user-library.ifrc.org/maps', 'imp_spat_srcorg': 'IFRC'}]",2024-08-14
monty_ab6df5fd-ecac-41b8-b245-66b2edcab212,imp_f74c5c00-1c7d-4dec-b066-8937b3595187,[],"[{'ext_ID': 'MDRDJ006', 'ext_ID_db': 'GO-App', 'ext_ID_org': 'IFRC'}]",GO-DREF,https://goadmin.ifrc.org/api/v2/appeal,IFRC,expspec_ecoifrcall,200330.0,imptypcost,unitISO4217C-CHF,esttype_prim,2022-11-23,2022-11-23,2024-12-31,2022-11-23,"[{'imp_spat_ID': 'GO-ADM0-World-shp', 'imp_spat_fileloc': 'https://go-user-library.ifrc.org/maps'}]","[{'imp_ISO3s': 'DJI', 'imp_spat_covcode': 'spat_polygon', 'imp_spat_res': 0, 'imp_spat_resunits': 'adminlevel', 'imp_spat_crs': 'EPSG:4326'}]","[{'imp_spat_srcdb': 'GO-Maps', 'imp_spat_URL': 'https://go-user-library.ifrc.org/maps', 'imp_spat_srcorg': 'IFRC'}]",2024-08-14
monty_df1283c8-3b05-4324-8792-999ea3ca6e01,imp_3115f971-ddd4-4ca6-ba86-986a9cb42a9f,[],"[{'ext_ID': 'MDRTJ033', 'ext_ID_db': 'GO-App', 'ext_ID_org': 'IFRC'}]",GO-DREF,https://goadmin.ifrc.org/api/v2/appeal,IFRC,expspec_allpeop,6565.0,imptyptarg,unitscountnum,esttype_prim,2022-12-13,2022-12-13,2027-12-31,2022-12-14,"[{'imp_spat_ID': 'GO-ADM0-World-shp', 'imp_spat_fileloc': 'https://go-user-library.ifrc.org/maps'}]","[{'imp_ISO3s': 'TJK', 'imp_spat_covcode': 'spat_polygon', 'imp_spat_res': 0, 'imp_spat_resunits': 'adminlevel', 'imp_spat_crs': 'EPSG:4326'}]","[{'imp_spat_srcdb': 'GO-Maps', 'imp_spat_URL': 'https://go-user-library.ifrc.org/maps', 'imp_spat_srcorg': 'IFRC'}]",2024-08-14
monty_df1283c8-3b05-4324-8792-999ea3ca6e01,imp_b7d50cfc-476a-4678-a156-06edb5e75b7d,[],"[{'ext_ID': 'MDRTJ033', 'ext_ID_db': 'GO-App', 'ext_ID_org': 'IFRC'}]",GO-DREF,https://goadmin.ifrc.org/api/v2/appeal,IFRC,expspec_ecoifrcall,274969.0,imptypcost,unitISO4217C-CHF,esttype_prim,2022-12-13,2022-12-13,2027-12-31,2022-12-14,"[{'imp_spat_ID': 'GO-ADM0-World-shp', 'imp_spat_fileloc': 'https://go-user-library.ifrc.org/maps'}]","[{'imp_ISO3s': 'TJK', 'imp_spat_covcode': 'spat_polygon', 'imp_spat_res': 0, 'imp_spat_resunits': 'adminlevel', 'imp_spat_crs': 'EPSG:4326'}]","[{'imp_spat_srcdb': 'GO-Maps', 'imp_spat_URL': 'https://go-user-library.ifrc.org/maps', 'imp_spat_srcorg': 'IFRC'}]",2024-08-14
monty_a61aefe1-7081-4bdf-a53e-29990e3e18ce,imp_c47f3c39-450a-44b3-b9d8-e14d08c5eba3,[],"[{'ext_ID': 'MDRLS006', 'ext_ID_db': 'GO-App', 'ext_ID_org': 'IFRC'}]",GO-DREF,https://goadmin.ifrc.org/api/v2/appeal,IFRC,expspec_allpeop,20560.0,imptyptarg,unitscountnum,esttype_prim,2022-12-21,2022-12-21,2027-12-31,2022-12-21,"[{'imp_spat_ID': 'GO-ADM0-World-shp', 'imp_spat_fileloc': 'https://go-user-library.ifrc.org/maps'}]","[{'imp_ISO3s': 'LSO', 'imp_spat_covcode': 'spat_polygon', 'imp_spat_res': 0, 'imp_spat_resunits': 'adminlevel', 'imp_spat_crs': 'EPSG:4326'}]","[{'imp_spat_srcdb': 'GO-Maps', 'imp_spat_URL': 'https://go-user-library.ifrc.org/maps', 'imp_spat_srcorg': 'IFRC'}]",2024-08-14
monty_a61aefe1-7081-4bdf-a53e-29990e3e18ce,imp_5cbb41ae-6ef2-45e1-8097-c6680bb193ca,[],"[{'ext_ID': 'MDRLS006', 'ext_ID_db': 'GO-App', 'ext_ID_org': 'IFRC'}]",GO-DREF,https://goadmin.ifrc.org/api/v2/appeal,IFRC,expspec_ecoifrcall,549991.0,imptypcost,unitISO4217C-CHF,esttype_prim,2022-12-21,2022-12-21,2027-12-31,2022-12-21,"[{'imp_spat_ID': 'GO-ADM0-World-shp', 'imp_spat_fileloc': 'https://go-user-library.ifrc.org/maps'}]","[{'imp_ISO3s': 'LSO', 'imp_spat_covcode': 'spat_polygon', 'imp_spat_res': 0, 'imp_spat_resunits': 'adminlevel', 'imp_spat_crs': 'EPSG:4326'}]","[{'imp_spat_srcdb': 'GO-Maps', 'imp_spat_URL': 'https://go-user-library.ifrc.org/maps', 'imp_spat_srcorg': 'IFRC'}]",2024-08-14
monty_1570442b-7ba1-4bc5-8f78-acef9fee44c8,imp_49d65130-0ecd-44c6-a9c8-1fccbcaea576,[],"[{'ext_ID': 'MDRSY009', 'ext_ID_db': 'GO-App', 'ext_ID_org': 'IFRC'}]",GO-EA,https://goadmin.ifrc.org/api/v2/appeal,IFRC,expspec_allpeop,2500000.0,imptyptarg,unitscountnum,esttype_prim,2023-02-06,2023-02-06,2025-02-28,2023-02-07,"[{'imp_spat_ID': 'GO-ADM0-World-shp', 'imp_spat_fileloc': 'https://go-user-library.ifrc.org/maps'}]","[{'imp_ISO3s': 'SYR', 'imp_spat_covcode': 'spat_polygon', 'imp_spat_res': 0, 'imp_spat_resunits': 'adminlevel', 'imp_spat_crs': 'EPSG:4326'}]","[{'imp_spat_srcdb': 'GO-Maps', 'imp_spat_URL': 'https://go-user-library.ifrc.org/maps', 'imp_spat_srcorg': 'IFRC'}]",2024-08-14
monty_1570442b-7ba1-4bc5-8f78-acef9fee44c8,imp_86021b71-f8a8-4259-93a4-281f191ca7ff,[],"[{'ext_ID': 'MDRSY009', 'ext_ID_db': 'GO-App', 'ext_ID_org': 'IFRC'}]",GO-EA,https://goadmin.ifrc.org/api/v2/appeal,IFRC,expspec_ecoifrcall,61626698.63,imptypcost,unitISO4217C-CHF,esttype_prim,2023-02-06,2023-02-06,2025-02-28,2023-02-07,"[{'imp_spat_ID': 'GO-ADM0-World-shp', 'imp_spat_fileloc': 'https://go-user-library.ifrc.org/maps'}]","[{'imp_ISO3s': 'SYR', 'imp_spat_covcode': 'spat_polygon', 'imp_spat_res': 0, 'imp_spat_resunits': 'adminlevel', 'imp_spat_crs': 'EPSG:4326'}]","[{'imp_spat_srcdb': 'GO-Maps', 'imp_spat_URL': 'https://go-user-library.ifrc.org/maps', 'imp_spat_srcorg': 'IFRC'}]",2024-08-14
monty_a5cefb0c-8433-498f-aa13-0a8beccf791e,imp_a4f8bb2c-104a-4336-adfc-2db250fffff6,[],"[{'ext_ID': 'MDRTR004', 'ext_ID_db': 'GO-App', 'ext_ID_org': 'IFRC'}]",GO-EA,https://goadmin.ifrc.org/api/v2/appeal,IFRC,expspec_allpeop,1250000.0,imptyptarg,unitscountnum,esttype_prim,2023-02-06,2023-02-06,2025-02-28,2023-02-07,"[{'imp_spat_ID': 'GO-ADM0-World-shp', 'imp_spat_fileloc': 'https://go-user-library.ifrc.org/maps'}]","[{'imp_ISO3s': 'TUR', 'imp_spat_covcode': 'spat_polygon', 'imp_spat_res': 0, 'imp_spat_resunits': 'adminlevel', 'imp_spat_crs': 'EPSG:4326'}]","[{'imp_spat_srcdb': 'GO-Maps', 'imp_spat_URL': 'https://go-user-library.ifrc.org/maps', 'imp_spat_srcorg': 'IFRC'}]",2024-08-14
monty_a5cefb0c-8433-498f-aa13-0a8beccf791e,imp_564f5b7d-9ed6-455d-8b38-4603a8f23e3f,[],"[{'ext_ID': 'MDRTR004', 'ext_ID_db': 'GO-App', 'ext_ID_org': 'IFRC'}]",GO-EA,https://goadmin.ifrc.org/api/v2/appeal,IFRC,expspec_ecoifrcall,151789295.09,imptypcost,unitISO4217C-CHF,esttype_prim,2023-02-06,2023-02-06,2025-02-28,2023-02-07,"[{'imp_spat_ID': 'GO-ADM0-World-shp', 'imp_spat_fileloc': 'https://go-user-library.ifrc.org/maps'}]","[{'imp_ISO3s': 'TUR', 'imp_spat_covcode': 'spat_polygon', 'imp_spat_res': 0, 'imp_spat_resunits': 'adminlevel', 'imp_spat_crs': 'EPSG:4326'}]","[{'imp_spat_srcdb': 'GO-Maps', 'imp_spat_URL': 'https://go-user-library.ifrc.org/maps', 'imp_spat_srcorg': 'IFRC'}]",2024-08-14
monty_5e80bd1f-957f-4972-8645-b07c6cdbc2bf,imp_8bdbd086-01c5-4268-8dfe-f4764663c242,[],"[{'ext_ID': 'MDRKE055', 'ext_ID_db': 'GO-App', 'ext_ID_org': 'IFRC'}]",GO-DREF,https://goadmin.ifrc.org/api/v2/appeal,IFRC,expspec_ecoifrcall,499199.0,imptypcost,unitISO4217C-CHF,esttype_prim,2023-02-16,2023-02-16,2028-02-29,2023-02-16,"[{'imp_spat_ID': 'GO-ADM0-World-shp', 'imp_spat_fileloc': 'https://go-user-library.ifrc.org/maps'}]","[{'imp_ISO3s': 'KEN', 'imp_spat_covcode': 'spat_polygon', 'imp_spat_res': 0, 'imp_spat_resunits': 'adminlevel', 'imp_spat_crs': 'EPSG:4326'}]","[{'imp_spat_srcdb': 'GO-Maps', 'imp_spat_URL': 'https://go-user-library.ifrc.org/maps', 'imp_spat_srcorg': 'IFRC'}]",2024-08-14
monty_dd757964-e28c-4837-b53b-c63a5e8a92be,imp_00d1f660-c2a3-4e3f-9994-d5317520d3c9,[],"[{'ext_ID': 'MDRPK024', 'ext_ID_db': 'GO-App', 'ext_ID_org': 'IFRC'}]",GO-DREF,https://goadmin.ifrc.org/api/v2/appeal,IFRC,expspec_allpeop,37315.0,imptyptarg,unitscountnum,esttype_prim,2023-07-24,2023-07-24,2025-07-31,2023-07-25,"[{'imp_spat_ID': 'GO-ADM0-World-shp', 'imp_spat_fileloc': 'https://go-user-library.ifrc.org/maps'}]","[{'imp_ISO3s': 'PAK', 'imp_spat_covcode': 'spat_polygon', 'imp_spat_res': 0, 'imp_spat_resunits': 'adminlevel', 'imp_spat_crs': 'EPSG:4326'}]","[{'imp_spat_srcdb': 'GO-Maps', 'imp_spat_URL': 'https://go-user-library.ifrc.org/maps', 'imp_spat_srcorg': 'IFRC'}]",2024-08-14
monty_dd757964-e28c-4837-b53b-c63a5e8a92be,imp_9b9baa99-0ecd-4ec6-b727-c0235d842d37,[],"[{'ext_ID': 'MDRPK024', 'ext_ID_db': 'GO-App', 'ext_ID_org': 'IFRC'}]",GO-DREF,https://goadmin.ifrc.org/api/v2/appeal,IFRC,expspec_ecoifrcall,200000.0,imptypcost,unitISO4217C-CHF,esttype_prim,2023-07-24,2023-07-24,2025-07-31,2023-07-25,"[{'imp_spat_ID': 'GO-ADM0-World-shp', 'imp_spat_fileloc': 'https://go-user-library.ifrc.org/maps'}]","[{'imp_ISO3s': 'PAK', 'imp_spat_covcode': 'spat_polygon', 'imp_spat_res': 0, 'imp_spat_resunits': 'adminlevel', 'imp_spat_crs': 'EPSG:4326'}]","[{'imp_spat_srcdb': 'GO-Maps', 'imp_spat_URL': 'https://go-user-library.ifrc.org/maps', 'imp_spat_srcorg': 'IFRC'}]",2024-08-14
monty_2404cc76-eb3c-4819-8783-e82e58ccbc5e,imp_02c68d09-ce78-45ca-8834-747e3ea82e3b,[],"[{'ext_ID': 'MDRKG016', 'ext_ID_db': 'GO-App', 'ext_ID_org': 'IFRC'}]",GO-DREF,https://goadmin.ifrc.org/api/v2/appeal,IFRC,expspec_allpeop,16200.0,imptyptarg,unitscountnum,esttype_prim,2023-08-08,2023-08-08,2028-08-31,2023-08-10,"[{'imp_spat_ID': 'GO-ADM0-World-shp', 'imp_spat_fileloc': 'https://go-user-library.ifrc.org/maps'}]","[{'imp_ISO3s': 'KGZ', 'imp_spat_covcode': 'spat_polygon', 'imp_spat_res': 0, 'imp_spat_resunits': 'adminlevel', 'imp_spat_crs': 'EPSG:4326'}]","[{'imp_spat_srcdb': 'GO-Maps', 'imp_spat_URL': 'https://go-user-library.ifrc.org/maps', 'imp_spat_srcorg': 'IFRC'}]",2024-08-14
monty_2404cc76-eb3c-4819-8783-e82e58ccbc5e,imp_8ac44fda-3808-4a65-a152-c89874747e5c,[],"[{'ext_ID': 'MDRKG016', 'ext_ID_db': 'GO-App', 'ext_ID_org': 'IFRC'}]",GO-DREF,https://goadmin.ifrc.org/api/v2/appeal,IFRC,expspec_ecoifrcall,499151.0,imptypcost,unitISO4217C-CHF,esttype_prim,2023-08-08,2023-08-08,2028-08-31,2023-08-10,"[{'imp_spat_ID': 'GO-ADM0-World-shp', 'imp_spat_fileloc': 'https://go-user-library.ifrc.org/maps'}]","[{'imp_ISO3s': 'KGZ', 'imp_spat_covcode': 'spat_polygon', 'imp_spat_res': 0, 'imp_spat_resunits': 'adminlevel', 'imp_spat_crs': 'EPSG:4326'}]","[{'imp_spat_srcdb': 'GO-Maps', 'imp_spat_URL': 'https://go-user-library.ifrc.org/maps', 'imp_spat_srcorg': 'IFRC'}]",2024-08-14
monty_9dec0da9-4a31-45a1-8609-e4abcb394142,imp_341c5a6c-df56-40c7-bb78-4b6fb70c0f5c,[],"[{'ext_ID': 'MDRET033', 'ext_ID_db': 'GO-App', 'ext_ID_org': 'IFRC'}]",GO-DREF,https://goadmin.ifrc.org/api/v2/appeal,IFRC,expspec_allpeop,70000.0,imptyptarg,unitscountnum,esttype_prim,2023-09-11,2023-09-11,2028-09-30,2023-09-11,"[{'imp_spat_ID': 'GO-ADM0-World-shp', 'imp_spat_fileloc': 'https://go-user-library.ifrc.org/maps'}]","[{'imp_ISO3s': 'ETH', 'imp_spat_covcode': 'spat_polygon', 'imp_spat_res': 0, 'imp_spat_resunits': 'adminlevel', 'imp_spat_crs': 'EPSG:4326'}]","[{'imp_spat_srcdb': 'GO-Maps', 'imp_spat_URL': 'https://go-user-library.ifrc.org/maps', 'imp_spat_srcorg': 'IFRC'}]",2024-08-14
monty_9dec0da9-4a31-45a1-8609-e4abcb394142,imp_56f56049-5249-4a55-a549-d5425f57869d,[],"[{'ext_ID': 'MDRET033', 'ext_ID_db': 'GO-App', 'ext_ID_org': 'IFRC'}]",GO-DREF,https://goadmin.ifrc.org/api/v2/appeal,IFRC,expspec_ecoifrcall,499422.0,imptypcost,unitISO4217C-CHF,esttype_prim,2023-09-11,2023-09-11,2028-09-30,2023-09-11,"[{'imp_spat_ID': 'GO-ADM0-World-shp', 'imp_spat_fileloc': 'https://go-user-library.ifrc.org/maps'}]","[{'imp_ISO3s': 'ETH', 'imp_spat_covcode': 'spat_polygon', 'imp_spat_res': 0, 'imp_spat_resunits': 'adminlevel', 'imp_spat_crs': 'EPSG:4326'}]","[{'imp_spat_srcdb': 'GO-Maps', 'imp_spat_URL': 'https://go-user-library.ifrc.org/maps', 'imp_spat_srcorg': 'IFRC'}]",2024-08-14
monty_8c44bb5e-60a2-4465-8ab1-6aa48fbacf20,imp_9703df53-2348-4ad6-a0f3-525258ec9c04,[],"[{'ext_ID': 'MDRMA010', 'ext_ID_db': 'GO-App', 'ext_ID_org': 'IFRC'}]",GO-EA,https://goadmin.ifrc.org/api/v2/appeal,IFRC,expspec_allpeop,500000.0,imptyptarg,unitscountnum,esttype_prim,2023-09-11,2023-09-11,2025-12-31,2023-09-11,"[{'imp_spat_ID': 'GO-ADM0-World-shp', 'imp_spat_fileloc': 'https://go-user-library.ifrc.org/maps'}]","[{'imp_ISO3s': 'MAR', 'imp_spat_covcode': 'spat_polygon', 'imp_spat_res': 0, 'imp_spat_resunits': 'adminlevel', 'imp_spat_crs': 'EPSG:4326'}]","[{'imp_spat_srcdb': 'GO-Maps', 'imp_spat_URL': 'https://go-user-library.ifrc.org/maps', 'imp_spat_srcorg': 'IFRC'}]",2024-08-14
monty_8c44bb5e-60a2-4465-8ab1-6aa48fbacf20,imp_5821dc3f-1206-472a-be68-5e19f1500c23,[],"[{'ext_ID': 'MDRMA010', 'ext_ID_db': 'GO-App', 'ext_ID_org': 'IFRC'}]",GO-EA,https://goadmin.ifrc.org/api/v2/appeal,IFRC,expspec_ecoifrcall,34375531.11,imptypcost,unitISO4217C-CHF,esttype_prim,2023-09-11,2023-09-11,2025-12-31,2023-09-11,"[{'imp_spat_ID': 'GO-ADM0-World-shp', 'imp_spat_fileloc': 'https://go-user-library.ifrc.org/maps'}]","[{'imp_ISO3s': 'MAR', 'imp_spat_covcode': 'spat_polygon', 'imp_spat_res': 0, 'imp_spat_resunits': 'adminlevel', 'imp_spat_crs': 'EPSG:4326'}]","[{'imp_spat_srcdb': 'GO-Maps', 'imp_spat_URL': 'https://go-user-library.ifrc.org/maps', 'imp_spat_srcorg': 'IFRC'}]",2024-08-14
monty_fcf8d2dc-031a-4985-8acb-cbafb0a5b065,imp_cc789acb-dfa7-4b20-8ad1-9dd976bbcde5,[],"[{'ext_ID': 'MDRLY005', 'ext_ID_db': 'GO-App', 'ext_ID_org': 'IFRC'}]",GO-EA,https://goadmin.ifrc.org/api/v2/appeal,IFRC,expspec_allpeop,300000.0,imptyptarg,unitscountnum,esttype_prim,2023-09-12,2023-09-12,2024-12-31,2023-09-14,"[{'imp_spat_ID': 'GO-ADM0-World-shp', 'imp_spat_fileloc': 'https://go-user-library.ifrc.org/maps'}]","[{'imp_ISO3s': 'LBY', 'imp_spat_covcode': 'spat_polygon', 'imp_spat_res': 0, 'imp_spat_resunits': 'adminlevel', 'imp_spat_crs': 'EPSG:4326'}]","[{'imp_spat_srcdb': 'GO-Maps', 'imp_spat_URL': 'https://go-user-library.ifrc.org/maps', 'imp_spat_srcorg': 'IFRC'}]",2024-08-14
monty_fcf8d2dc-031a-4985-8acb-cbafb0a5b065,imp_cacad99b-1ddb-43b3-a1c8-02d8d703099e,[],"[{'ext_ID': 'MDRLY005', 'ext_ID_db': 'GO-App', 'ext_ID_org': 'IFRC'}]",GO-EA,https://goadmin.ifrc.org/api/v2/appeal,IFRC,expspec_ecoifrcall,12345793.34,imptypcost,unitISO4217C-CHF,esttype_prim,2023-09-12,2023-09-12,2024-12-31,2023-09-14,"[{'imp_spat_ID': 'GO-ADM0-World-shp', 'imp_spat_fileloc': 'https://go-user-library.ifrc.org/maps'}]","[{'imp_ISO3s': 'LBY', 'imp_spat_covcode': 'spat_polygon', 'imp_spat_res': 0, 'imp_spat_resunits': 'adminlevel', 'imp_spat_crs': 'EPSG:4326'}]","[{'imp_spat_srcdb': 'GO-Maps', 'imp_spat_URL': 'https://go-user-library.ifrc.org/maps', 'imp_spat_srcorg': 'IFRC'}]",2024-08-14
monty_6b506405-3559-4d53-a153-82dbdb8f00ae,imp_68902a33-ff4b-40c2-b383-18e36da3ee6a,[],"[{'ext_ID': 'MDREC024', 'ext_ID_db': 'GO-App', 'ext_ID_org': 'IFRC'}]",GO-DREF,https://goadmin.ifrc.org/api/v2/appeal,IFRC,expspec_allpeop,10000.0,imptyptarg,unitscountnum,esttype_prim,2023-10-09,2023-10-09,2028-10-31,2023-10-10,"[{'imp_spat_ID': 'GO-ADM0-World-shp', 'imp_spat_fileloc': 'https://go-user-library.ifrc.org/maps'}]","[{'imp_ISO3s': 'ECU', 'imp_spat_covcode': 'spat_polygon', 'imp_spat_res': 0, 'imp_spat_resunits': 'adminlevel', 'imp_spat_crs': 'EPSG:4326'}]","[{'imp_spat_srcdb': 'GO-Maps', 'imp_spat_URL': 'https://go-user-library.ifrc.org/maps', 'imp_spat_srcorg': 'IFRC'}]",2024-08-14
monty_6b506405-3559-4d53-a153-82dbdb8f00ae,imp_8e502862-6435-46d8-a796-0cf2d47108be,[],"[{'ext_ID': 'MDREC024', 'ext_ID_db': 'GO-App', 'ext_ID_org': 'IFRC'}]",GO-DREF,https://goadmin.ifrc.org/api/v2/appeal,IFRC,expspec_ecoifrcall,460521.0,imptypcost,unitISO4217C-CHF,esttype_prim,2023-10-09,2023-10-09,2028-10-31,2023-10-10,"[{'imp_spat_ID': 'GO-ADM0-World-shp', 'imp_spat_fileloc': 'https://go-user-library.ifrc.org/maps'}]","[{'imp_ISO3s': 'ECU', 'imp_spat_covcode': 'spat_polygon', 'imp_spat_res': 0, 'imp_spat_resunits': 'adminlevel', 'imp_spat_crs': 'EPSG:4326'}]","[{'imp_spat_srcdb': 'GO-Maps', 'imp_spat_URL': 'https://go-user-library.ifrc.org/maps', 'imp_spat_srcorg': 'IFRC'}]",2024-08-14
monty_fdc110f8-2b02-4944-b62a-e22d1657b1ad,imp_615ba3f1-787c-45cc-b1bb-384b271be171,[],"[{'ext_ID': 'MDRVU011', 'ext_ID_db': 'GO-App', 'ext_ID_org': 'IFRC'}]",GO-EA,https://goadmin.ifrc.org/api/v2/appeal,IFRC,expspec_allpeop,30000.0,imptyptarg,unitscountnum,esttype_prim,2023-10-26,2023-10-26,2024-12-31,2023-10-31,"[{'imp_spat_ID': 'GO-ADM0-World-shp', 'imp_spat_fileloc': 'https://go-user-library.ifrc.org/maps'}]","[{'imp_ISO3s': 'VUT', 'imp_spat_covcode': 'spat_polygon', 'imp_spat_res': 0, 'imp_spat_resunits': 'adminlevel', 'imp_spat_crs': 'EPSG:4326'}]","[{'imp_spat_srcdb': 'GO-Maps', 'imp_spat_URL': 'https://go-user-library.ifrc.org/maps', 'imp_spat_srcorg': 'IFRC'}]",2024-08-14
monty_fdc110f8-2b02-4944-b62a-e22d1657b1ad,imp_5a150930-0b4a-4216-a0a4-e3bf547b0b27,[],"[{'ext_ID': 'MDRVU011', 'ext_ID_db': 'GO-App', 'ext_ID_org': 'IFRC'}]",GO-EA,https://goadmin.ifrc.org/api/v2/appeal,IFRC,expspec_ecoifrcall,748348.17,imptypcost,unitISO4217C-CHF,esttype_prim,2023-10-26,2023-10-26,2024-12-31,2023-10-31,"[{'imp_spat_ID': 'GO-ADM0-World-shp', 'imp_spat_fileloc': 'https://go-user-library.ifrc.org/maps'}]","[{'imp_ISO3s': 'VUT', 'imp_spat_covcode': 'spat_polygon', 'imp_spat_res': 0, 'imp_spat_resunits': 'adminlevel', 'imp_spat_crs': 'EPSG:4326'}]","[{'imp_spat_srcdb': 'GO-Maps', 'imp_spat_URL': 'https://go-user-library.ifrc.org/maps', 'imp_spat_srcorg': 'IFRC'}]",2024-08-14
monty_a906e0a0-bffe-4d47-886a-b074d39cfbef,imp_a7f8d2ea-9357-4bf3-bf12-e707f93f0709,[],"[{'ext_ID': 'MDRCR024', 'ext_ID_db': 'GO-App', 'ext_ID_org': 'IFRC'}]",GO-DREF,https://goadmin.ifrc.org/api/v2/appeal,IFRC,expspec_allpeop,10000.0,imptyptarg,unitscountnum,esttype_prim,2023-10-27,2023-10-27,2028-10-31,2023-10-31,"[{'imp_spat_ID': 'GO-ADM0-World-shp', 'imp_spat_fileloc': 'https://go-user-library.ifrc.org/maps'}]","[{'imp_ISO3s': 'CRI', 'imp_spat_covcode': 'spat_polygon', 'imp_spat_res': 0, 'imp_spat_resunits': 'adminlevel', 'imp_spat_crs': 'EPSG:4326'}]","[{'imp_spat_srcdb': 'GO-Maps', 'imp_spat_URL': 'https://go-user-library.ifrc.org/maps', 'imp_spat_srcorg': 'IFRC'}]",2024-08-14
monty_a906e0a0-bffe-4d47-886a-b074d39cfbef,imp_4a11eef8-0ef8-4e56-be15-7b0fccdf6966,[],"[{'ext_ID': 'MDRCR024', 'ext_ID_db': 'GO-App', 'ext_ID_org': 'IFRC'}]",GO-DREF,https://goadmin.ifrc.org/api/v2/appeal,IFRC,expspec_ecoifrcall,528641.0,imptypcost,unitISO4217C-CHF,esttype_prim,2023-10-27,2023-10-27,2028-10-31,2023-10-31,"[{'imp_spat_ID': 'GO-ADM0-World-shp', 'imp_spat_fileloc': 'https://go-user-library.ifrc.org/maps'}]","[{'imp_ISO3s': 'CRI', 'imp_spat_covcode': 'spat_polygon', 'imp_spat_res': 0, 'imp_spat_resunits': 'adminlevel', 'imp_spat_crs': 'EPSG:4326'}]","[{'imp_spat_srcdb': 'GO-Maps', 'imp_spat_URL': 'https://go-user-library.ifrc.org/maps', 'imp_spat_srcorg': 'IFRC'}]",2024-08-14
monty_a1b97aa2-7313-4136-8390-9c79665bcfb9,imp_593a0aa6-e366-4bd1-8edc-ce0675285c22,[],"[{'ext_ID': 'MDRNP016', 'ext_ID_db': 'GO-App', 'ext_ID_org': 'IFRC'}]",GO-EA,https://goadmin.ifrc.org/api/v2/appeal,IFRC,expspec_allpeop,50000.0,imptyptarg,unitscountnum,esttype_prim,2023-11-05,2023-11-05,2024-12-31,2023-11-06,"[{'imp_spat_ID': 'GO-ADM0-World-shp', 'imp_spat_fileloc': 'https://go-user-library.ifrc.org/maps'}]","[{'imp_ISO3s': 'NPL', 'imp_spat_covcode': 'spat_polygon', 'imp_spat_res': 0, 'imp_spat_resunits': 'adminlevel', 'imp_spat_crs': 'EPSG:4326'}]","[{'imp_spat_srcdb': 'GO-Maps', 'imp_spat_URL': 'https://go-user-library.ifrc.org/maps', 'imp_spat_srcorg': 'IFRC'}]",2024-08-14
monty_a1b97aa2-7313-4136-8390-9c79665bcfb9,imp_625bc150-ab65-4d4b-b517-d3c311b39cbc,[],"[{'ext_ID': 'MDRNP016', 'ext_ID_db': 'GO-App', 'ext_ID_org': 'IFRC'}]",GO-EA,https://goadmin.ifrc.org/api/v2/appeal,IFRC,expspec_ecoifrcall,1296762.3,imptypcost,unitISO4217C-CHF,esttype_prim,2023-11-05,2023-11-05,2024-12-31,2023-11-06,"[{'imp_spat_ID': 'GO-ADM0-World-shp', 'imp_spat_fileloc': 'https://go-user-library.ifrc.org/maps'}]","[{'imp_ISO3s': 'NPL', 'imp_spat_covcode': 'spat_polygon', 'imp_spat_res': 0, 'imp_spat_resunits': 'adminlevel', 'imp_spat_crs': 'EPSG:4326'}]","[{'imp_spat_srcdb': 'GO-Maps', 'imp_spat_URL': 'https://go-user-library.ifrc.org/maps', 'imp_spat_srcorg': 'IFRC'}]",2024-08-14
monty_aeb31e4d-90f8-45f2-af4e-8927e7b11715,imp_495677b4-03c7-4167-a9f9-a5acdffcd20b,[],"[{'ext_ID': 'MDRKE058', 'ext_ID_db': 'GO-App', 'ext_ID_org': 'IFRC'}]",GO-EA,https://goadmin.ifrc.org/api/v2/appeal,IFRC,expspec_allpeop,500000.0,imptyptarg,unitscountnum,esttype_prim,2023-11-11,2023-11-11,2024-12-31,2023-11-13,"[{'imp_spat_ID': 'GO-ADM0-World-shp', 'imp_spat_fileloc': 'https://go-user-library.ifrc.org/maps'}]","[{'imp_ISO3s': 'KEN', 'imp_spat_covcode': 'spat_polygon', 'imp_spat_res': 0, 'imp_spat_resunits': 'adminlevel', 'imp_spat_crs': 'EPSG:4326'}]","[{'imp_spat_srcdb': 'GO-Maps', 'imp_spat_URL': 'https://go-user-library.ifrc.org/maps', 'imp_spat_srcorg': 'IFRC'}]",2024-08-14
monty_aeb31e4d-90f8-45f2-af4e-8927e7b11715,imp_8353bb6b-d012-4084-a70e-a24b8f34df36,[],"[{'ext_ID': 'MDRKE058', 'ext_ID_db': 'GO-App', 'ext_ID_org': 'IFRC'}]",GO-EA,https://goadmin.ifrc.org/api/v2/appeal,IFRC,expspec_ecoifrcall,1273966.56,imptypcost,unitISO4217C-CHF,esttype_prim,2023-11-11,2023-11-11,2024-12-31,2023-11-13,"[{'imp_spat_ID': 'GO-ADM0-World-shp', 'imp_spat_fileloc': 'https://go-user-library.ifrc.org/maps'}]","[{'imp_ISO3s': 'KEN', 'imp_spat_covcode': 'spat_polygon', 'imp_spat_res': 0, 'imp_spat_resunits': 'adminlevel', 'imp_spat_crs': 'EPSG:4326'}]","[{'imp_spat_srcdb': 'GO-Maps', 'imp_spat_URL': 'https://go-user-library.ifrc.org/maps', 'imp_spat_srcorg': 'IFRC'}]",2024-08-14
monty_da57ca8f-074e-4822-98ff-854fcfef3d83,imp_87b5c0cd-5996-4de3-8f9c-acece5667b93,[],"[{'ext_ID': 'MDRTZ035', 'ext_ID_db': 'GO-App', 'ext_ID_org': 'IFRC'}]",GO-EA,https://goadmin.ifrc.org/api/v2/appeal,IFRC,expspec_allpeop,200000.0,imptyptarg,unitscountnum,esttype_prim,2023-11-22,2023-11-22,2024-12-31,2023-11-22,"[{'imp_spat_ID': 'GO-ADM0-World-shp', 'imp_spat_fileloc': 'https://go-user-library.ifrc.org/maps'}]","[{'imp_ISO3s': 'TZA', 'imp_spat_covcode': 'spat_polygon', 'imp_spat_res': 0, 'imp_spat_resunits': 'adminlevel', 'imp_spat_crs': 'EPSG:4326'}]","[{'imp_spat_srcdb': 'GO-Maps', 'imp_spat_URL': 'https://go-user-library.ifrc.org/maps', 'imp_spat_srcorg': 'IFRC'}]",2024-08-14
monty_da57ca8f-074e-4822-98ff-854fcfef3d83,imp_bee323ec-d8cb-4cc6-9f3a-a28f447486d8,[],"[{'ext_ID': 'MDRTZ035', 'ext_ID_db': 'GO-App', 'ext_ID_org': 'IFRC'}]",GO-EA,https://goadmin.ifrc.org/api/v2/appeal,IFRC,expspec_ecoifrcall,781452.77,imptypcost,unitISO4217C-CHF,esttype_prim,2023-11-22,2023-11-22,2024-12-31,2023-11-22,"[{'imp_spat_ID': 'GO-ADM0-World-shp', 'imp_spat_fileloc': 'https://go-user-library.ifrc.org/maps'}]","[{'imp_ISO3s': 'TZA', 'imp_spat_covcode': 'spat_polygon', 'imp_spat_res': 0, 'imp_spat_resunits': 'adminlevel', 'imp_spat_crs': 'EPSG:4326'}]","[{'imp_spat_srcdb': 'GO-Maps', 'imp_spat_URL': 'https://go-user-library.ifrc.org/maps', 'imp_spat_srcorg': 'IFRC'}]",2024-08-14
monty_9b35cc08-acc7-4776-8b88-922cadefb483,imp_ca74bbd7-84bc-41d6-8243-94b4dd455040,[],"[{'ext_ID': 'MDRHN020', 'ext_ID_db': 'GO-App', 'ext_ID_org': 'IFRC'}]",GO-DREF,https://goadmin.ifrc.org/api/v2/appeal,IFRC,expspec_allpeop,12750.0,imptyptarg,unitscountnum,esttype_prim,2023-12-15,2023-12-15,2028-12-31,2023-12-18,"[{'imp_spat_ID': 'GO-ADM0-World-shp', 'imp_spat_fileloc': 'https://go-user-library.ifrc.org/maps'}]","[{'imp_ISO3s': 'HND', 'imp_spat_covcode': 'spat_polygon', 'imp_spat_res': 0, 'imp_spat_resunits': 'adminlevel', 'imp_spat_crs': 'EPSG:4326'}]","[{'imp_spat_srcdb': 'GO-Maps', 'imp_spat_URL': 'https://go-user-library.ifrc.org/maps', 'imp_spat_srcorg': 'IFRC'}]",2024-08-14
monty_9b35cc08-acc7-4776-8b88-922cadefb483,imp_c3d46dbc-a1e6-4583-91c9-34b3ad544876,[],"[{'ext_ID': 'MDRHN020', 'ext_ID_db': 'GO-App', 'ext_ID_org': 'IFRC'}]",GO-DREF,https://goadmin.ifrc.org/api/v2/appeal,IFRC,expspec_ecoifrcall,549023.0,imptypcost,unitISO4217C-CHF,esttype_prim,2023-12-15,2023-12-15,2028-12-31,2023-12-18,"[{'imp_spat_ID': 'GO-ADM0-World-shp', 'imp_spat_fileloc': 'https://go-user-library.ifrc.org/maps'}]","[{'imp_ISO3s': 'HND', 'imp_spat_covcode': 'spat_polygon', 'imp_spat_res': 0, 'imp_spat_resunits': 'adminlevel', 'imp_spat_crs': 'EPSG:4326'}]","[{'imp_spat_srcdb': 'GO-Maps', 'imp_spat_URL': 'https://go-user-library.ifrc.org/maps', 'imp_spat_srcorg': 'IFRC'}]",2024-08-14
monty_14c43ea0-b25e-4c22-9b6e-d97c1b49a749,imp_d55d8d4b-61ee-48f3-98a9-e40a1adf3d29,[],"[{'ext_ID': 150554, 'ext_ID_db': 'IDU', 'ext_ID_org': 'IDMC'}]",IDU,https://helix-tools-api.idmcdb.org/external-api/idus/all/,IDMC,expspec_allpeop,42.0,imptypidp,unitscountnum,esttype_prim,,2024-01-01,2024-03-31,2024-06-10T09:57:15.406932Z,[{'imp_spat_fileloc': 'https://go-user-library.ifrc.org/maps'}],"[{'imp_ISO3s': 'IRQ', 'imp_spat_covcode': 'spat_polygon', 'imp_spat_res': 0, 'imp_spat_resunits': 'adminlevel', 'imp_spat_crs': 'EPSG:4326'}]","[{'imp_spat_srcdb': 'GO', 'imp_spat_URL': 'https://go-user-library.ifrc.org/maps', 'imp_spat_srcorg': 'IFRC'}]",2024-06-10T09:57:15.406932Z
monty_152b68b4-9264-4cf3-86cb-d8c5d96d51b8,imp_f2bb38f2-52a0-4635-b4e8-787374cbc8a9,[],"[{'ext_ID': 'MDRMN020', 'ext_ID_db': 'GO-App', 'ext_ID_org': 'IFRC'}]",GO-EA,https://goadmin.ifrc.org/api/v2/appeal,IFRC,expspec_allpeop,36000.0,imptyptarg,unitscountnum,esttype_prim,2024-02-02,2024-02-02,2025-03-31,2024-02-02,"[{'imp_spat_ID': 'GO-ADM0-World-shp', 'imp_spat_fileloc': 'https://go-user-library.ifrc.org/maps'}]","[{'imp_ISO3s': 'MNG', 'imp_spat_covcode': 'spat_polygon', 'imp_spat_res': 0, 'imp_spat_resunits': 'adminlevel', 'imp_spat_crs': 'EPSG:4326'}]","[{'imp_spat_srcdb': 'GO-Maps', 'imp_spat_URL': 'https://go-user-library.ifrc.org/maps', 'imp_spat_srcorg': 'IFRC'}]",2024-08-14
monty_152b68b4-9264-4cf3-86cb-d8c5d96d51b8,imp_bafe622f-a04e-43c9-8d94-1dfcec3cc8aa,[],"[{'ext_ID': 'MDRMN020', 'ext_ID_db': 'GO-App', 'ext_ID_org': 'IFRC'}]",GO-EA,https://goadmin.ifrc.org/api/v2/appeal,IFRC,expspec_ecoifrcall,1535489.59,imptypcost,unitISO4217C-CHF,esttype_prim,2024-02-02,2024-02-02,2025-03-31,2024-02-02,"[{'imp_spat_ID': 'GO-ADM0-World-shp', 'imp_spat_fileloc': 'https://go-user-library.ifrc.org/maps'}]","[{'imp_ISO3s': 'MNG', 'imp_spat_covcode': 'spat_polygon', 'imp_spat_res': 0, 'imp_spat_resunits': 'adminlevel', 'imp_spat_crs': 'EPSG:4326'}]","[{'imp_spat_srcdb': 'GO-Maps', 'imp_spat_URL': 'https://go-user-library.ifrc.org/maps', 'imp_spat_srcorg': 'IFRC'}]",2024-08-14
monty_512f3436-73d7-46ee-b48b-b7302424e08c,imp_9b1b1d6f-22bb-463e-b335-a3fda09ae8d5,[],"[{'ext_ID': 'MDRMZ021', 'ext_ID_db': 'GO-App', 'ext_ID_org': 'IFRC'}]",GO-DREF,https://goadmin.ifrc.org/api/v2/appeal,IFRC,expspec_ecoifrcall,363433.0,imptypcost,unitISO4217C-CHF,esttype_prim,2024-02-02,2024-02-02,2029-02-28,2024-02-02,"[{'imp_spat_ID': 'GO-ADM0-World-shp', 'imp_spat_fileloc': 'https://go-user-library.ifrc.org/maps'}]","[{'imp_ISO3s': 'MOZ', 'imp_spat_covcode': 'spat_polygon', 'imp_spat_res': 0, 'imp_spat_resunits': 'adminlevel', 'imp_spat_crs': 'EPSG:4326'}]","[{'imp_spat_srcdb': 'GO-Maps', 'imp_spat_URL': 'https://go-user-library.ifrc.org/maps', 'imp_spat_srcorg': 'IFRC'}]",2024-08-14
monty_88fc7a53-52a8-4c16-b1ff-ac80d55c04ef,imp_848abffb-e8a7-4786-9538-00ccf711419d,[],"[{'ext_ID': 'MDRMZ022', 'ext_ID_db': 'GO-App', 'ext_ID_org': 'IFRC'}]",GO-DREF,https://goadmin.ifrc.org/api/v2/appeal,IFRC,expspec_allpeop,10000.0,imptyptarg,unitscountnum,esttype_prim,2024-02-02,2024-02-02,2029-02-28,2024-02-05,"[{'imp_spat_ID': 'GO-ADM0-World-shp', 'imp_spat_fileloc': 'https://go-user-library.ifrc.org/maps'}]","[{'imp_ISO3s': 'MOZ', 'imp_spat_covcode': 'spat_polygon', 'imp_spat_res': 0, 'imp_spat_resunits': 'adminlevel', 'imp_spat_crs': 'EPSG:4326'}]","[{'imp_spat_srcdb': 'GO-Maps', 'imp_spat_URL': 'https://go-user-library.ifrc.org/maps', 'imp_spat_srcorg': 'IFRC'}]",2024-08-14
monty_88fc7a53-52a8-4c16-b1ff-ac80d55c04ef,imp_e71b48a0-4113-4edc-99d8-5978781f1705,[],"[{'ext_ID': 'MDRMZ022', 'ext_ID_db': 'GO-App', 'ext_ID_org': 'IFRC'}]",GO-DREF,https://goadmin.ifrc.org/api/v2/appeal,IFRC,expspec_ecoifrcall,505788.0,imptypcost,unitISO4217C-CHF,esttype_prim,2024-02-02,2024-02-02,2029-02-28,2024-02-05,"[{'imp_spat_ID': 'GO-ADM0-World-shp', 'imp_spat_fileloc': 'https://go-user-library.ifrc.org/maps'}]","[{'imp_ISO3s': 'MOZ', 'imp_spat_covcode': 'spat_polygon', 'imp_spat_res': 0, 'imp_spat_resunits': 'adminlevel', 'imp_spat_crs': 'EPSG:4326'}]","[{'imp_spat_srcdb': 'GO-Maps', 'imp_spat_URL': 'https://go-user-library.ifrc.org/maps', 'imp_spat_srcorg': 'IFRC'}]",2024-08-14
monty_79902e90-d0f1-45c3-bab3-9517b8e3e677,imp_9c8a1081-811a-48bc-8a43-325b14de9f07,[],"[{'ext_ID': 'MDRBD033', 'ext_ID_db': 'GO-App', 'ext_ID_org': 'IFRC'}]",GO-DREF,https://goadmin.ifrc.org/api/v2/appeal,IFRC,expspec_allpeop,150000.0,imptyptarg,unitscountnum,esttype_prim,2024-02-05,2024-02-05,2029-02-28,2024-02-05,"[{'imp_spat_ID': 'GO-ADM0-World-shp', 'imp_spat_fileloc': 'https://go-user-library.ifrc.org/maps'}]","[{'imp_ISO3s': 'BGD', 'imp_spat_covcode': 'spat_polygon', 'imp_spat_res': 0, 'imp_spat_resunits': 'adminlevel', 'imp_spat_crs': 'EPSG:4326'}]","[{'imp_spat_srcdb': 'GO-Maps', 'imp_spat_URL': 'https://go-user-library.ifrc.org/maps', 'imp_spat_srcorg': 'IFRC'}]",2024-08-14
monty_79902e90-d0f1-45c3-bab3-9517b8e3e677,imp_0b25a676-1776-480c-a0f6-797c82700b2b,[],"[{'ext_ID': 'MDRBD033', 'ext_ID_db': 'GO-App', 'ext_ID_org': 'IFRC'}]",GO-DREF,https://goadmin.ifrc.org/api/v2/appeal,IFRC,expspec_ecoifrcall,393448.0,imptypcost,unitISO4217C-CHF,esttype_prim,2024-02-05,2024-02-05,2029-02-28,2024-02-05,"[{'imp_spat_ID': 'GO-ADM0-World-shp', 'imp_spat_fileloc': 'https://go-user-library.ifrc.org/maps'}]","[{'imp_ISO3s': 'BGD', 'imp_spat_covcode': 'spat_polygon', 'imp_spat_res': 0, 'imp_spat_resunits': 'adminlevel', 'imp_spat_crs': 'EPSG:4326'}]","[{'imp_spat_srcdb': 'GO-Maps', 'imp_spat_URL': 'https://go-user-library.ifrc.org/maps', 'imp_spat_srcorg': 'IFRC'}]",2024-08-14
monty_956d4a54-4528-435f-988d-c287971188ba,imp_35de9079-564f-4c04-a309-0da7ff15bfa9,[],"[{'ext_ID': 'MDRSZ005', 'ext_ID_db': 'GO-App', 'ext_ID_org': 'IFRC'}]",GO-DREF,https://goadmin.ifrc.org/api/v2/appeal,IFRC,expspec_allpeop,10800.0,imptyptarg,unitscountnum,esttype_prim,2024-03-15,2024-03-15,2029-03-31,2024-03-18,"[{'imp_spat_ID': 'GO-ADM0-World-shp', 'imp_spat_fileloc': 'https://go-user-library.ifrc.org/maps'}]","[{'imp_ISO3s': 'SWZ', 'imp_spat_covcode': 'spat_polygon', 'imp_spat_res': 0, 'imp_spat_resunits': 'adminlevel', 'imp_spat_crs': 'EPSG:4326'}]","[{'imp_spat_srcdb': 'GO-Maps', 'imp_spat_URL': 'https://go-user-library.ifrc.org/maps', 'imp_spat_srcorg': 'IFRC'}]",2024-08-14
monty_956d4a54-4528-435f-988d-c287971188ba,imp_36d10ae7-8261-40f1-a503-8c32c7c2f449,[],"[{'ext_ID': 'MDRSZ005', 'ext_ID_db': 'GO-App', 'ext_ID_org': 'IFRC'}]",GO-DREF,https://goadmin.ifrc.org/api/v2/appeal,IFRC,expspec_ecoifrcall,546685.0,imptypcost,unitISO4217C-CHF,esttype_prim,2024-03-15,2024-03-15,2029-03-31,2024-03-18,"[{'imp_spat_ID': 'GO-ADM0-World-shp', 'imp_spat_fileloc': 'https://go-user-library.ifrc.org/maps'}]","[{'imp_ISO3s': 'SWZ', 'imp_spat_covcode': 'spat_polygon', 'imp_spat_res': 0, 'imp_spat_resunits': 'adminlevel', 'imp_spat_crs': 'EPSG:4326'}]","[{'imp_spat_srcdb': 'GO-Maps', 'imp_spat_URL': 'https://go-user-library.ifrc.org/maps', 'imp_spat_srcorg': 'IFRC'}]",2024-08-14
monty_e9afd317-e294-4a51-8dac-b9624039ba5a,imp_e91a7862-dca5-47f4-afea-061eeca06b95,[],"[{'ext_ID': 'MDRZM022', 'ext_ID_db': 'GO-App', 'ext_ID_org': 'IFRC'}]",GO-EA,https://goadmin.ifrc.org/api/v2/appeal,IFRC,expspec_allpeop,160000.0,imptyptarg,unitscountnum,esttype_prim,2024-03-22,2024-03-22,2025-06-30,2024-03-22,"[{'imp_spat_ID': 'GO-ADM0-World-shp', 'imp_spat_fileloc': 'https://go-user-library.ifrc.org/maps'}]","[{'imp_ISO3s': 'ZMB', 'imp_spat_covcode': 'spat_polygon', 'imp_spat_res': 0, 'imp_spat_resunits': 'adminlevel', 'imp_spat_crs': 'EPSG:4326'}]","[{'imp_spat_srcdb': 'GO-Maps', 'imp_spat_URL': 'https://go-user-library.ifrc.org/maps', 'imp_spat_srcorg': 'IFRC'}]",2024-08-14
monty_e9afd317-e294-4a51-8dac-b9624039ba5a,imp_46fb3083-da34-4289-8e9f-4c345bcb93de,[],"[{'ext_ID': 'MDRZM022', 'ext_ID_db': 'GO-App', 'ext_ID_org': 'IFRC'}]",GO-EA,https://goadmin.ifrc.org/api/v2/appeal,IFRC,expspec_ecoifrcall,673105.98,imptypcost,unitISO4217C-CHF,esttype_prim,2024-03-22,2024-03-22,2025-06-30,2024-03-22,"[{'imp_spat_ID': 'GO-ADM0-World-shp', 'imp_spat_fileloc': 'https://go-user-library.ifrc.org/maps'}]","[{'imp_ISO3s': 'ZMB', 'imp_spat_covcode': 'spat_polygon', 'imp_spat_res': 0, 'imp_spat_resunits': 'adminlevel', 'imp_spat_crs': 'EPSG:4326'}]","[{'imp_spat_srcdb': 'GO-Maps', 'imp_spat_URL': 'https://go-user-library.ifrc.org/maps', 'imp_spat_srcorg': 'IFRC'}]",2024-08-14
monty_0de0f749-82bf-491c-9e8d-ef0c0a21c3bc,imp_491cccf6-59b4-42dc-8009-a2b252d317e4,[],"[{'ext_ID': 'MDRKM012', 'ext_ID_db': 'GO-App', 'ext_ID_org': 'IFRC'}]",GO-DREF,https://goadmin.ifrc.org/api/v2/appeal,IFRC,expspec_ecoifrcall,210958.0,imptypcost,unitISO4217C-CHF,esttype_prim,2024-04-23,2024-04-23,2026-04-30,2024-04-24,"[{'imp_spat_ID': 'GO-ADM0-World-shp', 'imp_spat_fileloc': 'https://go-user-library.ifrc.org/maps'}]","[{'imp_ISO3s': 'COM', 'imp_spat_covcode': 'spat_polygon', 'imp_spat_res': 0, 'imp_spat_resunits': 'adminlevel', 'imp_spat_crs': 'EPSG:4326'}]","[{'imp_spat_srcdb': 'GO-Maps', 'imp_spat_URL': 'https://go-user-library.ifrc.org/maps', 'imp_spat_srcorg': 'IFRC'}]",2024-08-14
monty_04a9058b-b73f-44f3-be28-cfd6d257d0ad,imp_9e42a4cd-486e-4ea4-8837-9699eeffedd9,[],"[{'ext_ID': 'MDRYE014', 'ext_ID_db': 'GO-App', 'ext_ID_org': 'IFRC'}]",GO-DREF,https://goadmin.ifrc.org/api/v2/appeal,IFRC,expspec_allpeop,21175.0,imptyptarg,unitscountnum,esttype_prim,2024-05-03,2024-05-03,2024-11-30,2024-05-06,"[{'imp_spat_ID': 'GO-ADM0-World-shp', 'imp_spat_fileloc': 'https://go-user-library.ifrc.org/maps'}]","[{'imp_ISO3s': 'YEM', 'imp_spat_covcode': 'spat_polygon', 'imp_spat_res': 0, 'imp_spat_resunits': 'adminlevel', 'imp_spat_crs': 'EPSG:4326'}]","[{'imp_spat_srcdb': 'GO-Maps', 'imp_spat_URL': 'https://go-user-library.ifrc.org/maps', 'imp_spat_srcorg': 'IFRC'}]",2024-08-14
monty_04a9058b-b73f-44f3-be28-cfd6d257d0ad,imp_e325242f-15c3-4cf7-a46b-d727b05ed888,[],"[{'ext_ID': 'MDRYE014', 'ext_ID_db': 'GO-App', 'ext_ID_org': 'IFRC'}]",GO-DREF,https://goadmin.ifrc.org/api/v2/appeal,IFRC,expspec_ecoifrcall,449100.0,imptypcost,unitISO4217C-CHF,esttype_prim,2024-05-03,2024-05-03,2024-11-30,2024-05-06,"[{'imp_spat_ID': 'GO-ADM0-World-shp', 'imp_spat_fileloc': 'https://go-user-library.ifrc.org/maps'}]","[{'imp_ISO3s': 'YEM', 'imp_spat_covcode': 'spat_polygon', 'imp_spat_res': 0, 'imp_spat_resunits': 'adminlevel', 'imp_spat_crs': 'EPSG:4326'}]","[{'imp_spat_srcdb': 'GO-Maps', 'imp_spat_URL': 'https://go-user-library.ifrc.org/maps', 'imp_spat_srcorg': 'IFRC'}]",2024-08-14
monty_f6f10322-e826-4b62-9b46-43334a58340a,imp_b3a9db50-5646-4102-918a-dbae048de2c3,[],"[{'ext_ID': 'MDRAF015', 'ext_ID_db': 'GO-App', 'ext_ID_org': 'IFRC'}]",GO-EA,https://goadmin.ifrc.org/api/v2/appeal,IFRC,expspec_allpeop,28000.0,imptyptarg,unitscountnum,esttype_prim,2024-05-04,2024-05-04,2025-05-31,2024-05-06,"[{'imp_spat_ID': 'GO-ADM0-World-shp', 'imp_spat_fileloc': 'https://go-user-library.ifrc.org/maps'}]","[{'imp_ISO3s': 'AFG', 'imp_spat_covcode': 'spat_polygon', 'imp_spat_res': 0, 'imp_spat_resunits': 'adminlevel', 'imp_spat_crs': 'EPSG:4326'}]","[{'imp_spat_srcdb': 'GO-Maps', 'imp_spat_URL': 'https://go-user-library.ifrc.org/maps', 'imp_spat_srcorg': 'IFRC'}]",2024-08-14
monty_f6f10322-e826-4b62-9b46-43334a58340a,imp_ac3ca375-75d7-40a4-bb57-b0e868bc8edf,[],"[{'ext_ID': 'MDRAF015', 'ext_ID_db': 'GO-App', 'ext_ID_org': 'IFRC'}]",GO-EA,https://goadmin.ifrc.org/api/v2/appeal,IFRC,expspec_ecoifrcall,354285.22,imptypcost,unitISO4217C-CHF,esttype_prim,2024-05-04,2024-05-04,2025-05-31,2024-05-06,"[{'imp_spat_ID': 'GO-ADM0-World-shp', 'imp_spat_fileloc': 'https://go-user-library.ifrc.org/maps'}]","[{'imp_ISO3s': 'AFG', 'imp_spat_covcode': 'spat_polygon', 'imp_spat_res': 0, 'imp_spat_resunits': 'adminlevel', 'imp_spat_crs': 'EPSG:4326'}]","[{'imp_spat_srcdb': 'GO-Maps', 'imp_spat_URL': 'https://go-user-library.ifrc.org/maps', 'imp_spat_srcorg': 'IFRC'}]",2024-08-14
monty_cb3b2d20-3bca-46ee-bab3-9a2d2cc5c02d,imp_792ab9c4-3b45-447b-a8d2-2e595ef2a75c,[],"[{'ext_ID': 'MDRHN022', 'ext_ID_db': 'GO-App', 'ext_ID_org': 'IFRC'}]",GO-DREF,https://goadmin.ifrc.org/api/v2/appeal,IFRC,expspec_allpeop,33000.0,imptyptarg,unitscountnum,esttype_prim,2024-05-07,2024-05-07,2024-11-30,2024-05-07,"[{'imp_spat_ID': 'GO-ADM0-World-shp', 'imp_spat_fileloc': 'https://go-user-library.ifrc.org/maps'}]","[{'imp_ISO3s': 'HND', 'imp_spat_covcode': 'spat_polygon', 'imp_spat_res': 0, 'imp_spat_resunits': 'adminlevel', 'imp_spat_crs': 'EPSG:4326'}]","[{'imp_spat_srcdb': 'GO-Maps', 'imp_spat_URL': 'https://go-user-library.ifrc.org/maps', 'imp_spat_srcorg': 'IFRC'}]",2024-08-14
monty_cb3b2d20-3bca-46ee-bab3-9a2d2cc5c02d,imp_e5e05dcf-e38b-445b-be1f-811268943b84,[],"[{'ext_ID': 'MDRHN022', 'ext_ID_db': 'GO-App', 'ext_ID_org': 'IFRC'}]",GO-DREF,https://goadmin.ifrc.org/api/v2/appeal,IFRC,expspec_ecoifrcall,336394.0,imptypcost,unitISO4217C-CHF,esttype_prim,2024-05-07,2024-05-07,2024-11-30,2024-05-07,"[{'imp_spat_ID': 'GO-ADM0-World-shp', 'imp_spat_fileloc': 'https://go-user-library.ifrc.org/maps'}]","[{'imp_ISO3s': 'HND', 'imp_spat_covcode': 'spat_polygon', 'imp_spat_res': 0, 'imp_spat_resunits': 'adminlevel', 'imp_spat_crs': 'EPSG:4326'}]","[{'imp_spat_srcdb': 'GO-Maps', 'imp_spat_URL': 'https://go-user-library.ifrc.org/maps', 'imp_spat_srcorg': 'IFRC'}]",2024-08-14
monty_b36011d0-0ffc-49b7-8620-957ceebe9b6d,imp_eb8598c8-6886-4469-9e18-8dd8fc8643cc,[],"[{'ext_ID': 'MDRBR011', 'ext_ID_db': 'GO-App', 'ext_ID_org': 'IFRC'}]",GO-EA,https://goadmin.ifrc.org/api/v2/appeal,IFRC,expspec_allpeop,25000.0,imptyptarg,unitscountnum,esttype_prim,2024-05-11,2024-05-11,2025-05-31,2024-05-12,"[{'imp_spat_ID': 'GO-ADM0-World-shp', 'imp_spat_fileloc': 'https://go-user-library.ifrc.org/maps'}]","[{'imp_ISO3s': 'BRA', 'imp_spat_covcode': 'spat_polygon', 'imp_spat_res': 0, 'imp_spat_resunits': 'adminlevel', 'imp_spat_crs': 'EPSG:4326'}]","[{'imp_spat_srcdb': 'GO-Maps', 'imp_spat_URL': 'https://go-user-library.ifrc.org/maps', 'imp_spat_srcorg': 'IFRC'}]",2024-08-14
monty_b36011d0-0ffc-49b7-8620-957ceebe9b6d,imp_3a72c4f8-e8d0-459d-a1ed-bd0d49f0ddad,[],"[{'ext_ID': 'MDRBR011', 'ext_ID_db': 'GO-App', 'ext_ID_org': 'IFRC'}]",GO-EA,https://goadmin.ifrc.org/api/v2/appeal,IFRC,expspec_ecoifrcall,1167556.93,imptypcost,unitISO4217C-CHF,esttype_prim,2024-05-11,2024-05-11,2025-05-31,2024-05-12,"[{'imp_spat_ID': 'GO-ADM0-World-shp', 'imp_spat_fileloc': 'https://go-user-library.ifrc.org/maps'}]","[{'imp_ISO3s': 'BRA', 'imp_spat_covcode': 'spat_polygon', 'imp_spat_res': 0, 'imp_spat_resunits': 'adminlevel', 'imp_spat_crs': 'EPSG:4326'}]","[{'imp_spat_srcdb': 'GO-Maps', 'imp_spat_URL': 'https://go-user-library.ifrc.org/maps', 'imp_spat_srcorg': 'IFRC'}]",2024-08-14
monty_3e31da6e-f4a5-4ad4-af17-109b55fb413d,imp_8b358af2-c727-4aa7-a2db-9d9e7e13a60f,[],"[{'ext_ID': 'MDRLS008', 'ext_ID_db': 'GO-App', 'ext_ID_org': 'IFRC'}]",GO-DREF,https://goadmin.ifrc.org/api/v2/appeal,IFRC,expspec_allpeop,12500.0,imptyptarg,unitscountnum,esttype_prim,2024-05-15,2024-05-15,2025-02-28,2024-05-15,"[{'imp_spat_ID': 'GO-ADM0-World-shp', 'imp_spat_fileloc': 'https://go-user-library.ifrc.org/maps'}]","[{'imp_ISO3s': 'LSO', 'imp_spat_covcode': 'spat_polygon', 'imp_spat_res': 0, 'imp_spat_resunits': 'adminlevel', 'imp_spat_crs': 'EPSG:4326'}]","[{'imp_spat_srcdb': 'GO-Maps', 'imp_spat_URL': 'https://go-user-library.ifrc.org/maps', 'imp_spat_srcorg': 'IFRC'}]",2024-08-14
monty_3e31da6e-f4a5-4ad4-af17-109b55fb413d,imp_b5b07633-0f12-4925-ad53-5f37019d3945,[],"[{'ext_ID': 'MDRLS008', 'ext_ID_db': 'GO-App', 'ext_ID_org': 'IFRC'}]",GO-DREF,https://goadmin.ifrc.org/api/v2/appeal,IFRC,expspec_ecoifrcall,711203.0,imptypcost,unitISO4217C-CHF,esttype_prim,2024-05-15,2024-05-15,2025-02-28,2024-05-15,"[{'imp_spat_ID': 'GO-ADM0-World-shp', 'imp_spat_fileloc': 'https://go-user-library.ifrc.org/maps'}]","[{'imp_ISO3s': 'LSO', 'imp_spat_covcode': 'spat_polygon', 'imp_spat_res': 0, 'imp_spat_resunits': 'adminlevel', 'imp_spat_crs': 'EPSG:4326'}]","[{'imp_spat_srcdb': 'GO-Maps', 'imp_spat_URL': 'https://go-user-library.ifrc.org/maps', 'imp_spat_srcorg': 'IFRC'}]",2024-08-14
monty_0f68b646-f613-4af4-9190-df985768b475,imp_358e0155-3a41-4401-ab0f-d9d830d22961,[],"[{'ext_ID': 'MDRMZ024', 'ext_ID_db': 'GO-App', 'ext_ID_org': 'IFRC'}]",GO-EA,https://goadmin.ifrc.org/api/v2/appeal,IFRC,expspec_allpeop,55000.0,imptyptarg,unitscountnum,esttype_prim,2024-05-18,2024-05-18,2025-06-30,2024-05-22,"[{'imp_spat_ID': 'GO-ADM0-World-shp', 'imp_spat_fileloc': 'https://go-user-library.ifrc.org/maps'}]","[{'imp_ISO3s': 'MOZ', 'imp_spat_covcode': 'spat_polygon', 'imp_spat_res': 0, 'imp_spat_resunits': 'adminlevel', 'imp_spat_crs': 'EPSG:4326'}]","[{'imp_spat_srcdb': 'GO-Maps', 'imp_spat_URL': 'https://go-user-library.ifrc.org/maps', 'imp_spat_srcorg': 'IFRC'}]",2024-08-14
monty_0f68b646-f613-4af4-9190-df985768b475,imp_fdf1faae-bb6f-482d-bd3b-ee02a9d74e9e,[],"[{'ext_ID': 'MDRMZ024', 'ext_ID_db': 'GO-App', 'ext_ID_org': 'IFRC'}]",GO-EA,https://goadmin.ifrc.org/api/v2/appeal,IFRC,expspec_ecoifrcall,168825.74,imptypcost,unitISO4217C-CHF,esttype_prim,2024-05-18,2024-05-18,2025-06-30,2024-05-22,"[{'imp_spat_ID': 'GO-ADM0-World-shp', 'imp_spat_fileloc': 'https://go-user-library.ifrc.org/maps'}]","[{'imp_ISO3s': 'MOZ', 'imp_spat_covcode': 'spat_polygon', 'imp_spat_res': 0, 'imp_spat_resunits': 'adminlevel', 'imp_spat_crs': 'EPSG:4326'}]","[{'imp_spat_srcdb': 'GO-Maps', 'imp_spat_URL': 'https://go-user-library.ifrc.org/maps', 'imp_spat_srcorg': 'IFRC'}]",2024-08-14
monty_70f3dd54-fff2-45dc-b985-bd10e0867d70,imp_13779a84-b1cb-4ef2-9833-0e21eaf65ab9,[],"[{'ext_ID': 'MDRGT023', 'ext_ID_db': 'GO-App', 'ext_ID_org': 'IFRC'}]",GO-DREF,https://goadmin.ifrc.org/api/v2/appeal,IFRC,expspec_allpeop,14000.0,imptyptarg,unitscountnum,esttype_prim,2024-05-23,2024-05-23,2029-05-30,2024-05-24,"[{'imp_spat_ID': 'GO-ADM0-World-shp', 'imp_spat_fileloc': 'https://go-user-library.ifrc.org/maps'}]","[{'imp_ISO3s': 'GTM', 'imp_spat_covcode': 'spat_polygon', 'imp_spat_res': 0, 'imp_spat_resunits': 'adminlevel', 'imp_spat_crs': 'EPSG:4326'}]","[{'imp_spat_srcdb': 'GO-Maps', 'imp_spat_URL': 'https://go-user-library.ifrc.org/maps', 'imp_spat_srcorg': 'IFRC'}]",2024-08-14
monty_70f3dd54-fff2-45dc-b985-bd10e0867d70,imp_0a103ce4-ccb7-4a16-b4e2-a6ab06c2e72a,[],"[{'ext_ID': 'MDRGT023', 'ext_ID_db': 'GO-App', 'ext_ID_org': 'IFRC'}]",GO-DREF,https://goadmin.ifrc.org/api/v2/appeal,IFRC,expspec_ecoifrcall,546439.0,imptypcost,unitISO4217C-CHF,esttype_prim,2024-05-23,2024-05-23,2029-05-30,2024-05-24,"[{'imp_spat_ID': 'GO-ADM0-World-shp', 'imp_spat_fileloc': 'https://go-user-library.ifrc.org/maps'}]","[{'imp_ISO3s': 'GTM', 'imp_spat_covcode': 'spat_polygon', 'imp_spat_res': 0, 'imp_spat_resunits': 'adminlevel', 'imp_spat_crs': 'EPSG:4326'}]","[{'imp_spat_srcdb': 'GO-Maps', 'imp_spat_URL': 'https://go-user-library.ifrc.org/maps', 'imp_spat_srcorg': 'IFRC'}]",2024-08-14
monty_20729c87-5a48-4d79-b1bb-fec6b3209a2b,imp_285d4e34-8aea-410b-9fdb-927abd3779d2,[],"[{'ext_ID': 'MDRBD035', 'ext_ID_db': 'GO-App', 'ext_ID_org': 'IFRC'}]",GO-EA,https://goadmin.ifrc.org/api/v2/appeal,IFRC,expspec_allpeop,650000.0,imptyptarg,unitscountnum,esttype_prim,2024-05-29,2024-05-29,2025-05-31,2024-06-03,"[{'imp_spat_ID': 'GO-ADM0-World-shp', 'imp_spat_fileloc': 'https://go-user-library.ifrc.org/maps'}]","[{'imp_ISO3s': 'BGD', 'imp_spat_covcode': 'spat_polygon', 'imp_spat_res': 0, 'imp_spat_resunits': 'adminlevel', 'imp_spat_crs': 'EPSG:4326'}]","[{'imp_spat_srcdb': 'GO-Maps', 'imp_spat_URL': 'https://go-user-library.ifrc.org/maps', 'imp_spat_srcorg': 'IFRC'}]",2024-08-14
monty_20729c87-5a48-4d79-b1bb-fec6b3209a2b,imp_f47508d3-92d1-4496-8c6f-9739cd258159,[],"[{'ext_ID': 'MDRBD035', 'ext_ID_db': 'GO-App', 'ext_ID_org': 'IFRC'}]",GO-EA,https://goadmin.ifrc.org/api/v2/appeal,IFRC,expspec_ecoifrcall,559469.88,imptypcost,unitISO4217C-CHF,esttype_prim,2024-05-29,2024-05-29,2025-05-31,2024-06-03,"[{'imp_spat_ID': 'GO-ADM0-World-shp', 'imp_spat_fileloc': 'https://go-user-library.ifrc.org/maps'}]","[{'imp_ISO3s': 'BGD', 'imp_spat_covcode': 'spat_polygon', 'imp_spat_res': 0, 'imp_spat_resunits': 'adminlevel', 'imp_spat_crs': 'EPSG:4326'}]","[{'imp_spat_srcdb': 'GO-Maps', 'imp_spat_URL': 'https://go-user-library.ifrc.org/maps', 'imp_spat_srcorg': 'IFRC'}]",2024-08-14
monty_a6ad4d40-c0fc-4d90-ba71-70efc6816b20,imp_0eb95c33-6c4c-459e-9d45-bceebee34a88,[],"[{'ext_ID': 'MDRGT024', 'ext_ID_db': 'GO-App', 'ext_ID_org': 'IFRC'}]",GO-DREF,https://goadmin.ifrc.org/api/v2/appeal,IFRC,expspec_allpeop,14000.0,imptyptarg,unitscountnum,esttype_prim,2024-05-29,2024-05-29,2029-05-30,2024-06-03,"[{'imp_spat_ID': 'GO-ADM0-World-shp', 'imp_spat_fileloc': 'https://go-user-library.ifrc.org/maps'}]","[{'imp_ISO3s': 'GTM', 'imp_spat_covcode': 'spat_polygon', 'imp_spat_res': 0, 'imp_spat_resunits': 'adminlevel', 'imp_spat_crs': 'EPSG:4326'}]","[{'imp_spat_srcdb': 'GO-Maps', 'imp_spat_URL': 'https://go-user-library.ifrc.org/maps', 'imp_spat_srcorg': 'IFRC'}]",2024-08-14
monty_a6ad4d40-c0fc-4d90-ba71-70efc6816b20,imp_0438a595-cb28-4cf1-b0f4-0215ea5ac512,[],"[{'ext_ID': 'MDRGT024', 'ext_ID_db': 'GO-App', 'ext_ID_org': 'IFRC'}]",GO-DREF,https://goadmin.ifrc.org/api/v2/appeal,IFRC,expspec_ecoifrcall,547206.0,imptypcost,unitISO4217C-CHF,esttype_prim,2024-05-29,2024-05-29,2029-05-30,2024-06-03,"[{'imp_spat_ID': 'GO-ADM0-World-shp', 'imp_spat_fileloc': 'https://go-user-library.ifrc.org/maps'}]","[{'imp_ISO3s': 'GTM', 'imp_spat_covcode': 'spat_polygon', 'imp_spat_res': 0, 'imp_spat_resunits': 'adminlevel', 'imp_spat_crs': 'EPSG:4326'}]","[{'imp_spat_srcdb': 'GO-Maps', 'imp_spat_URL': 'https://go-user-library.ifrc.org/maps', 'imp_spat_srcorg': 'IFRC'}]",2024-08-14
monty_9b0b8499-eb9d-4c40-968a-e43af20fa815,imp_c2c0f32c-815f-416f-811f-94ec41f89a41,[],"[{'ext_ID': 'MDRPG012', 'ext_ID_db': 'GO-App', 'ext_ID_org': 'IFRC'}]",GO-DREF,https://goadmin.ifrc.org/api/v2/appeal,IFRC,expspec_allpeop,2000.0,imptyptarg,unitscountnum,esttype_prim,2024-06-01,2024-06-01,2024-12-31,2024-06-03,"[{'imp_spat_ID': 'GO-ADM0-World-shp', 'imp_spat_fileloc': 'https://go-user-library.ifrc.org/maps'}]","[{'imp_ISO3s': 'PNG', 'imp_spat_covcode': 'spat_polygon', 'imp_spat_res': 0, 'imp_spat_resunits': 'adminlevel', 'imp_spat_crs': 'EPSG:4326'}]","[{'imp_spat_srcdb': 'GO-Maps', 'imp_spat_URL': 'https://go-user-library.ifrc.org/maps', 'imp_spat_srcorg': 'IFRC'}]",2024-08-14
monty_9b0b8499-eb9d-4c40-968a-e43af20fa815,imp_44966ed1-ebec-4ea2-86c7-352e577212a6,[],"[{'ext_ID': 'MDRPG012', 'ext_ID_db': 'GO-App', 'ext_ID_org': 'IFRC'}]",GO-DREF,https://goadmin.ifrc.org/api/v2/appeal,IFRC,expspec_ecoifrcall,200726.0,imptypcost,unitISO4217C-CHF,esttype_prim,2024-06-01,2024-06-01,2024-12-31,2024-06-03,"[{'imp_spat_ID': 'GO-ADM0-World-shp', 'imp_spat_fileloc': 'https://go-user-library.ifrc.org/maps'}]","[{'imp_ISO3s': 'PNG', 'imp_spat_covcode': 'spat_polygon', 'imp_spat_res': 0, 'imp_spat_resunits': 'adminlevel', 'imp_spat_crs': 'EPSG:4326'}]","[{'imp_spat_srcdb': 'GO-Maps', 'imp_spat_URL': 'https://go-user-library.ifrc.org/maps', 'imp_spat_srcorg': 'IFRC'}]",2024-08-14
monty_f727be91-5717-4143-ac57-658e8d0cafe4,imp_12be1cc5-a239-4ade-b57f-e583d7beb584,[],"[{'ext_ID': 'MDRBW005', 'ext_ID_db': 'GO-App', 'ext_ID_org': 'IFRC'}]",GO-DREF,https://goadmin.ifrc.org/api/v2/appeal,IFRC,expspec_allpeop,5350.0,imptyptarg,unitscountnum,esttype_prim,2024-06-10,2024-06-10,2024-12-31,2024-06-11,"[{'imp_spat_ID': 'GO-ADM0-World-shp', 'imp_spat_fileloc': 'https://go-user-library.ifrc.org/maps'}]","[{'imp_ISO3s': 'BWA', 'imp_spat_covcode': 'spat_polygon', 'imp_spat_res': 0, 'imp_spat_resunits': 'adminlevel', 'imp_spat_crs': 'EPSG:4326'}]","[{'imp_spat_srcdb': 'GO-Maps', 'imp_spat_URL': 'https://go-user-library.ifrc.org/maps', 'imp_spat_srcorg': 'IFRC'}]",2024-08-14
monty_f727be91-5717-4143-ac57-658e8d0cafe4,imp_2f7beba7-49ea-450c-a995-9d8146b19132,[],"[{'ext_ID': 'MDRBW005', 'ext_ID_db': 'GO-App', 'ext_ID_org': 'IFRC'}]",GO-DREF,https://goadmin.ifrc.org/api/v2/appeal,IFRC,expspec_ecoifrcall,499471.0,imptypcost,unitISO4217C-CHF,esttype_prim,2024-06-10,2024-06-10,2024-12-31,2024-06-11,"[{'imp_spat_ID': 'GO-ADM0-World-shp', 'imp_spat_fileloc': 'https://go-user-library.ifrc.org/maps'}]","[{'imp_ISO3s': 'BWA', 'imp_spat_covcode': 'spat_polygon', 'imp_spat_res': 0, 'imp_spat_resunits': 'adminlevel', 'imp_spat_crs': 'EPSG:4326'}]","[{'imp_spat_srcdb': 'GO-Maps', 'imp_spat_URL': 'https://go-user-library.ifrc.org/maps', 'imp_spat_srcorg': 'IFRC'}]",2024-08-14
monty_0a3094dc-5d1a-4869-a862-26ec3fb4a4ac,imp_3602982f-4ce4-4012-9571-c6a4ce30aa2b,[],"[{'ext_ID': 'MDRNP017', 'ext_ID_db': 'GO-App', 'ext_ID_org': 'IFRC'}]",GO-DREF,https://goadmin.ifrc.org/api/v2/appeal,IFRC,expspec_allpeop,10500.0,imptyptarg,unitscountnum,esttype_prim,2024-06-10,2024-06-10,2026-06-30,2024-06-11,"[{'imp_spat_ID': 'GO-ADM0-World-shp', 'imp_spat_fileloc': 'https://go-user-library.ifrc.org/maps'}]","[{'imp_ISO3s': 'NPL', 'imp_spat_covcode': 'spat_polygon', 'imp_spat_res': 0, 'imp_spat_resunits': 'adminlevel', 'imp_spat_crs': 'EPSG:4326'}]","[{'imp_spat_srcdb': 'GO-Maps', 'imp_spat_URL': 'https://go-user-library.ifrc.org/maps', 'imp_spat_srcorg': 'IFRC'}]",2024-08-14
monty_0a3094dc-5d1a-4869-a862-26ec3fb4a4ac,imp_51fb2c3f-708e-41ee-a8c6-6850143f3053,[],"[{'ext_ID': 'MDRNP017', 'ext_ID_db': 'GO-App', 'ext_ID_org': 'IFRC'}]",GO-DREF,https://goadmin.ifrc.org/api/v2/appeal,IFRC,expspec_ecoifrcall,199964.0,imptypcost,unitISO4217C-CHF,esttype_prim,2024-06-10,2024-06-10,2026-06-30,2024-06-11,"[{'imp_spat_ID': 'GO-ADM0-World-shp', 'imp_spat_fileloc': 'https://go-user-library.ifrc.org/maps'}]","[{'imp_ISO3s': 'NPL', 'imp_spat_covcode': 'spat_polygon', 'imp_spat_res': 0, 'imp_spat_resunits': 'adminlevel', 'imp_spat_crs': 'EPSG:4326'}]","[{'imp_spat_srcdb': 'GO-Maps', 'imp_spat_URL': 'https://go-user-library.ifrc.org/maps', 'imp_spat_srcorg': 'IFRC'}]",2024-08-14
monty_a5b04036-dc9f-4c8c-84bd-dcb8714cb310,imp_f7aa650b-6b8a-4fcf-baad-c1a5697daafe,[],"[{'ext_ID': 'MDRAM013', 'ext_ID_db': 'GO-App', 'ext_ID_org': 'IFRC'}]",GO-DREF,https://goadmin.ifrc.org/api/v2/appeal,IFRC,expspec_allpeop,5600.0,imptyptarg,unitscountnum,esttype_prim,2024-06-10,2024-06-10,2024-11-30,2024-06-12,"[{'imp_spat_ID': 'GO-ADM0-World-shp', 'imp_spat_fileloc': 'https://go-user-library.ifrc.org/maps'}]","[{'imp_ISO3s': 'ARM', 'imp_spat_covcode': 'spat_polygon', 'imp_spat_res': 0, 'imp_spat_resunits': 'adminlevel', 'imp_spat_crs': 'EPSG:4326'}]","[{'imp_spat_srcdb': 'GO-Maps', 'imp_spat_URL': 'https://go-user-library.ifrc.org/maps', 'imp_spat_srcorg': 'IFRC'}]",2024-08-14
monty_a5b04036-dc9f-4c8c-84bd-dcb8714cb310,imp_5e7989db-c15b-4a63-a728-a44fdee053a9,[],"[{'ext_ID': 'MDRAM013', 'ext_ID_db': 'GO-App', 'ext_ID_org': 'IFRC'}]",GO-DREF,https://goadmin.ifrc.org/api/v2/appeal,IFRC,expspec_ecoifrcall,499759.0,imptypcost,unitISO4217C-CHF,esttype_prim,2024-06-10,2024-06-10,2024-11-30,2024-06-12,"[{'imp_spat_ID': 'GO-ADM0-World-shp', 'imp_spat_fileloc': 'https://go-user-library.ifrc.org/maps'}]","[{'imp_ISO3s': 'ARM', 'imp_spat_covcode': 'spat_polygon', 'imp_spat_res': 0, 'imp_spat_resunits': 'adminlevel', 'imp_spat_crs': 'EPSG:4326'}]","[{'imp_spat_srcdb': 'GO-Maps', 'imp_spat_URL': 'https://go-user-library.ifrc.org/maps', 'imp_spat_srcorg': 'IFRC'}]",2024-08-14
monty_370bf096-8ef2-4403-aa60-6e394e8d2ec5,imp_19c4ac15-8c69-49ad-8dad-0d620afb56b6,[],"[{'ext_ID': 'MDRBD036', 'ext_ID_db': 'GO-App', 'ext_ID_org': 'IFRC'}]",GO-DREF,https://goadmin.ifrc.org/api/v2/appeal,IFRC,expspec_allpeop,100000.0,imptyptarg,unitscountnum,esttype_prim,2024-06-29,2024-06-29,2024-12-31,2024-06-29,"[{'imp_spat_ID': 'GO-ADM0-World-shp', 'imp_spat_fileloc': 'https://go-user-library.ifrc.org/maps'}]","[{'imp_ISO3s': 'BGD', 'imp_spat_covcode': 'spat_polygon', 'imp_spat_res': 0, 'imp_spat_resunits': 'adminlevel', 'imp_spat_crs': 'EPSG:4326'}]","[{'imp_spat_srcdb': 'GO-Maps', 'imp_spat_URL': 'https://go-user-library.ifrc.org/maps', 'imp_spat_srcorg': 'IFRC'}]",2024-08-14
monty_370bf096-8ef2-4403-aa60-6e394e8d2ec5,imp_f0b1276d-a77a-4ce5-b15f-aca63ca729c6,[],"[{'ext_ID': 'MDRBD036', 'ext_ID_db': 'GO-App', 'ext_ID_org': 'IFRC'}]",GO-DREF,https://goadmin.ifrc.org/api/v2/appeal,IFRC,expspec_ecoifrcall,998547.0,imptypcost,unitISO4217C-CHF,esttype_prim,2024-06-29,2024-06-29,2024-12-31,2024-06-29,"[{'imp_spat_ID': 'GO-ADM0-World-shp', 'imp_spat_fileloc': 'https://go-user-library.ifrc.org/maps'}]","[{'imp_ISO3s': 'BGD', 'imp_spat_covcode': 'spat_polygon', 'imp_spat_res': 0, 'imp_spat_resunits': 'adminlevel', 'imp_spat_crs': 'EPSG:4326'}]","[{'imp_spat_srcdb': 'GO-Maps', 'imp_spat_URL': 'https://go-user-library.ifrc.org/maps', 'imp_spat_srcorg': 'IFRC'}]",2024-08-14
monty_806a4a2c-5d81-471e-9a52-08c22a855390,imp_bb27d5fa-7189-4e52-a123-999bea410d74,[],"[{'ext_ID': 'MDRSV016', 'ext_ID_db': 'GO-App', 'ext_ID_org': 'IFRC'}]",GO-DREF,https://goadmin.ifrc.org/api/v2/appeal,IFRC,expspec_allpeop,3570.0,imptyptarg,unitscountnum,esttype_prim,2024-06-30,2024-06-30,2024-12-31,2024-07-01,"[{'imp_spat_ID': 'GO-ADM0-World-shp', 'imp_spat_fileloc': 'https://go-user-library.ifrc.org/maps'}]","[{'imp_ISO3s': 'SLV', 'imp_spat_covcode': 'spat_polygon', 'imp_spat_res': 0, 'imp_spat_resunits': 'adminlevel', 'imp_spat_crs': 'EPSG:4326'}]","[{'imp_spat_srcdb': 'GO-Maps', 'imp_spat_URL': 'https://go-user-library.ifrc.org/maps', 'imp_spat_srcorg': 'IFRC'}]",2024-08-14
monty_806a4a2c-5d81-471e-9a52-08c22a855390,imp_7aecd006-c68b-4f76-9616-3175fda4af39,[],"[{'ext_ID': 'MDRSV016', 'ext_ID_db': 'GO-App', 'ext_ID_org': 'IFRC'}]",GO-DREF,https://goadmin.ifrc.org/api/v2/appeal,IFRC,expspec_ecoifrcall,344019.0,imptypcost,unitISO4217C-CHF,esttype_prim,2024-06-30,2024-06-30,2024-12-31,2024-07-01,"[{'imp_spat_ID': 'GO-ADM0-World-shp', 'imp_spat_fileloc': 'https://go-user-library.ifrc.org/maps'}]","[{'imp_ISO3s': 'SLV', 'imp_spat_covcode': 'spat_polygon', 'imp_spat_res': 0, 'imp_spat_resunits': 'adminlevel', 'imp_spat_crs': 'EPSG:4326'}]","[{'imp_spat_srcdb': 'GO-Maps', 'imp_spat_URL': 'https://go-user-library.ifrc.org/maps', 'imp_spat_srcorg': 'IFRC'}]",2024-08-14
monty_1ae0bd9b-2940-408c-9bf4-2dab68d7f728,imp_d0e510b6-6458-413a-b16c-7f16587ac78b,[],"[{'ext_ID': 'MDRBI021', 'ext_ID_db': 'GO-App', 'ext_ID_org': 'IFRC'}]",GO-DREF,https://goadmin.ifrc.org/api/v2/appeal,IFRC,expspec_allpeop,9000.0,imptyptarg,unitscountnum,esttype_prim,2024-07-03,2024-07-03,2026-07-31,2024-07-05,"[{'imp_spat_ID': 'GO-ADM0-World-shp', 'imp_spat_fileloc': 'https://go-user-library.ifrc.org/maps'}]","[{'imp_ISO3s': 'BDI', 'imp_spat_covcode': 'spat_polygon', 'imp_spat_res': 0, 'imp_spat_resunits': 'adminlevel', 'imp_spat_crs': 'EPSG:4326'}]","[{'imp_spat_srcdb': 'GO-Maps', 'imp_spat_URL': 'https://go-user-library.ifrc.org/maps', 'imp_spat_srcorg': 'IFRC'}]",2024-08-14
monty_1ae0bd9b-2940-408c-9bf4-2dab68d7f728,imp_3ad895fd-7a49-4f17-a449-1fab829a3735,[],"[{'ext_ID': 'MDRBI021', 'ext_ID_db': 'GO-App', 'ext_ID_org': 'IFRC'}]",GO-DREF,https://goadmin.ifrc.org/api/v2/appeal,IFRC,expspec_ecoifrcall,175382.0,imptypcost,unitISO4217C-CHF,esttype_prim,2024-07-03,2024-07-03,2026-07-31,2024-07-05,"[{'imp_spat_ID': 'GO-ADM0-World-shp', 'imp_spat_fileloc': 'https://go-user-library.ifrc.org/maps'}]","[{'imp_ISO3s': 'BDI', 'imp_spat_covcode': 'spat_polygon', 'imp_spat_res': 0, 'imp_spat_resunits': 'adminlevel', 'imp_spat_crs': 'EPSG:4326'}]","[{'imp_spat_srcdb': 'GO-Maps', 'imp_spat_URL': 'https://go-user-library.ifrc.org/maps', 'imp_spat_srcorg': 'IFRC'}]",2024-08-14
monty_e9d22eff-9806-4f49-9530-a70093483a36,imp_8b2789ad-34a0-4b8e-b65c-9b2c7be9b1b7,[],"[{'ext_ID': 'MDRS2001', 'ext_ID_db': 'GO-App', 'ext_ID_org': 'IFRC'}]",GO-EA,https://goadmin.ifrc.org/api/v2/appeal,IFRC,expspec_allpeop,25000.0,imptyptarg,unitscountnum,esttype_prim,2024-07-04,2024-07-04,2025-07-31,2024-07-05,"[{'imp_spat_ID': 'GO-ADM0-World-shp', 'imp_spat_fileloc': 'https://go-user-library.ifrc.org/maps'}]","[{'imp_ISO3s': 'PAN', 'imp_spat_covcode': 'spat_polygon', 'imp_spat_res': 0, 'imp_spat_resunits': 'adminlevel', 'imp_spat_crs': 'EPSG:4326'}]","[{'imp_spat_srcdb': 'GO-Maps', 'imp_spat_URL': 'https://go-user-library.ifrc.org/maps', 'imp_spat_srcorg': 'IFRC'}]",2024-08-14
monty_4bbcfb96-68eb-4e5c-86eb-2e770ad7d2ba,imp_e94bccf9-d5c0-4ad4-9839-615f5458470c,[],"[{'ext_ID': 'MDRBJ019', 'ext_ID_db': 'GO-App', 'ext_ID_org': 'IFRC'}]",GO-DREF,https://goadmin.ifrc.org/api/v2/appeal,IFRC,expspec_allpeop,10215.0,imptyptarg,unitscountnum,esttype_prim,2024-07-12,2024-07-12,2024-11-30,2024-07-16,"[{'imp_spat_ID': 'GO-ADM0-World-shp', 'imp_spat_fileloc': 'https://go-user-library.ifrc.org/maps'}]","[{'imp_ISO3s': 'BEN', 'imp_spat_covcode': 'spat_polygon', 'imp_spat_res': 0, 'imp_spat_resunits': 'adminlevel', 'imp_spat_crs': 'EPSG:4326'}]","[{'imp_spat_srcdb': 'GO-Maps', 'imp_spat_URL': 'https://go-user-library.ifrc.org/maps', 'imp_spat_srcorg': 'IFRC'}]",2024-08-14
monty_4bbcfb96-68eb-4e5c-86eb-2e770ad7d2ba,imp_950d02ba-e11e-4648-8744-1d8e1131c02e,[],"[{'ext_ID': 'MDRBJ019', 'ext_ID_db': 'GO-App', 'ext_ID_org': 'IFRC'}]",GO-DREF,https://goadmin.ifrc.org/api/v2/appeal,IFRC,expspec_ecoifrcall,254682.0,imptypcost,unitISO4217C-CHF,esttype_prim,2024-07-12,2024-07-12,2024-11-30,2024-07-16,"[{'imp_spat_ID': 'GO-ADM0-World-shp', 'imp_spat_fileloc': 'https://go-user-library.ifrc.org/maps'}]","[{'imp_ISO3s': 'BEN', 'imp_spat_covcode': 'spat_polygon', 'imp_spat_res': 0, 'imp_spat_resunits': 'adminlevel', 'imp_spat_crs': 'EPSG:4326'}]","[{'imp_spat_srcdb': 'GO-Maps', 'imp_spat_URL': 'https://go-user-library.ifrc.org/maps', 'imp_spat_srcorg': 'IFRC'}]",2024-08-14
monty_c6103433-604c-40cd-ae03-318f99be0e2e,imp_d06f9df5-d0b7-4c23-821d-981ec7b060dc,[],"[{'ext_ID': 'MDRLR008', 'ext_ID_db': 'GO-App', 'ext_ID_org': 'IFRC'}]",GO-DREF,https://goadmin.ifrc.org/api/v2/appeal,IFRC,expspec_allpeop,13100.0,imptyptarg,unitscountnum,esttype_prim,2024-07-12,2024-07-12,2024-11-30,2024-07-16,"[{'imp_spat_ID': 'GO-ADM0-World-shp', 'imp_spat_fileloc': 'https://go-user-library.ifrc.org/maps'}]","[{'imp_ISO3s': 'LBR', 'imp_spat_covcode': 'spat_polygon', 'imp_spat_res': 0, 'imp_spat_resunits': 'adminlevel', 'imp_spat_crs': 'EPSG:4326'}]","[{'imp_spat_srcdb': 'GO-Maps', 'imp_spat_URL': 'https://go-user-library.ifrc.org/maps', 'imp_spat_srcorg': 'IFRC'}]",2024-08-14
monty_c6103433-604c-40cd-ae03-318f99be0e2e,imp_868b13c4-50e4-4306-8dca-77d7edc8cd41,[],"[{'ext_ID': 'MDRLR008', 'ext_ID_db': 'GO-App', 'ext_ID_org': 'IFRC'}]",GO-DREF,https://goadmin.ifrc.org/api/v2/appeal,IFRC,expspec_ecoifrcall,484052.0,imptypcost,unitISO4217C-CHF,esttype_prim,2024-07-12,2024-07-12,2024-11-30,2024-07-16,"[{'imp_spat_ID': 'GO-ADM0-World-shp', 'imp_spat_fileloc': 'https://go-user-library.ifrc.org/maps'}]","[{'imp_ISO3s': 'LBR', 'imp_spat_covcode': 'spat_polygon', 'imp_spat_res': 0, 'imp_spat_resunits': 'adminlevel', 'imp_spat_crs': 'EPSG:4326'}]","[{'imp_spat_srcdb': 'GO-Maps', 'imp_spat_URL': 'https://go-user-library.ifrc.org/maps', 'imp_spat_srcorg': 'IFRC'}]",2024-08-14
monty_93b79b55-44ad-4f0c-b511-38301650e44d,imp_91fe5ad2-947b-40bc-964e-35641965b06a,[],"[{'ext_ID': 'MDRVE009', 'ext_ID_db': 'GO-App', 'ext_ID_org': 'IFRC'}]",GO-DREF,https://goadmin.ifrc.org/api/v2/appeal,IFRC,expspec_allpeop,5000.0,imptyptarg,unitscountnum,esttype_prim,2024-07-16,2024-07-16,2024-12-31,2024-07-17,"[{'imp_spat_ID': 'GO-ADM0-World-shp', 'imp_spat_fileloc': 'https://go-user-library.ifrc.org/maps'}]","[{'imp_ISO3s': 'VEN', 'imp_spat_covcode': 'spat_polygon', 'imp_spat_res': 0, 'imp_spat_resunits': 'adminlevel', 'imp_spat_crs': 'EPSG:4326'}]","[{'imp_spat_srcdb': 'GO-Maps', 'imp_spat_URL': 'https://go-user-library.ifrc.org/maps', 'imp_spat_srcorg': 'IFRC'}]",2024-08-14
monty_93b79b55-44ad-4f0c-b511-38301650e44d,imp_efd16f7e-2182-4c3e-aae0-d3eeb1e30f33,[],"[{'ext_ID': 'MDRVE009', 'ext_ID_db': 'GO-App', 'ext_ID_org': 'IFRC'}]",GO-DREF,https://goadmin.ifrc.org/api/v2/appeal,IFRC,expspec_ecoifrcall,270049.0,imptypcost,unitISO4217C-CHF,esttype_prim,2024-07-16,2024-07-16,2024-12-31,2024-07-17,"[{'imp_spat_ID': 'GO-ADM0-World-shp', 'imp_spat_fileloc': 'https://go-user-library.ifrc.org/maps'}]","[{'imp_ISO3s': 'VEN', 'imp_spat_covcode': 'spat_polygon', 'imp_spat_res': 0, 'imp_spat_resunits': 'adminlevel', 'imp_spat_crs': 'EPSG:4326'}]","[{'imp_spat_srcdb': 'GO-Maps', 'imp_spat_URL': 'https://go-user-library.ifrc.org/maps', 'imp_spat_srcorg': 'IFRC'}]",2024-08-14
monty_054a82a9-adcf-46d4-a111-fbe763e1a7cb,imp_ed251e6d-91cf-4227-8284-c9412124d60e,[],"[{'ext_ID': 'MDRYE015', 'ext_ID_db': 'GO-App', 'ext_ID_org': 'IFRC'}]",GO-DREF,https://goadmin.ifrc.org/api/v2/appeal,IFRC,expspec_allpeop,15785.0,imptyptarg,unitscountnum,esttype_prim,2024-07-23,2024-07-23,2026-07-31,2024-07-24,"[{'imp_spat_ID': 'GO-ADM0-World-shp', 'imp_spat_fileloc': 'https://go-user-library.ifrc.org/maps'}]","[{'imp_ISO3s': 'YEM', 'imp_spat_covcode': 'spat_polygon', 'imp_spat_res': 0, 'imp_spat_resunits': 'adminlevel', 'imp_spat_crs': 'EPSG:4326'}]","[{'imp_spat_srcdb': 'GO-Maps', 'imp_spat_URL': 'https://go-user-library.ifrc.org/maps', 'imp_spat_srcorg': 'IFRC'}]",2024-08-14
monty_054a82a9-adcf-46d4-a111-fbe763e1a7cb,imp_eb7bbacd-8bf9-4eb5-bf85-1afb9cf2c71a,[],"[{'ext_ID': 'MDRYE015', 'ext_ID_db': 'GO-App', 'ext_ID_org': 'IFRC'}]",GO-DREF,https://goadmin.ifrc.org/api/v2/appeal,IFRC,expspec_ecoifrcall,220000.0,imptypcost,unitISO4217C-CHF,esttype_prim,2024-07-23,2024-07-23,2026-07-31,2024-07-24,"[{'imp_spat_ID': 'GO-ADM0-World-shp', 'imp_spat_fileloc': 'https://go-user-library.ifrc.org/maps'}]","[{'imp_ISO3s': 'YEM', 'imp_spat_covcode': 'spat_polygon', 'imp_spat_res': 0, 'imp_spat_resunits': 'adminlevel', 'imp_spat_crs': 'EPSG:4326'}]","[{'imp_spat_srcdb': 'GO-Maps', 'imp_spat_URL': 'https://go-user-library.ifrc.org/maps', 'imp_spat_srcorg': 'IFRC'}]",2024-08-14
monty_a6d190b8-c855-4473-8f80-9c1f4021b3dd,imp_ee5b3061-6d43-4bbb-8aad-717a32d0cb3e,[],"[{'ext_ID': 'MDRPH054', 'ext_ID_db': 'GO-App', 'ext_ID_org': 'IFRC'}]",GO-DREF,https://goadmin.ifrc.org/api/v2/appeal,IFRC,expspec_allpeop,33000.0,imptyptarg,unitscountnum,esttype_prim,2024-08-03,2024-08-03,2025-02-28,2024-08-04,"[{'imp_spat_ID': 'GO-ADM0-World-shp', 'imp_spat_fileloc': 'https://go-user-library.ifrc.org/maps'}]","[{'imp_ISO3s': 'PHL', 'imp_spat_covcode': 'spat_polygon', 'imp_spat_res': 0, 'imp_spat_resunits': 'adminlevel', 'imp_spat_crs': 'EPSG:4326'}]","[{'imp_spat_srcdb': 'GO-Maps', 'imp_spat_URL': 'https://go-user-library.ifrc.org/maps', 'imp_spat_srcorg': 'IFRC'}]",2024-08-14
monty_a6d190b8-c855-4473-8f80-9c1f4021b3dd,imp_5c75140e-a135-4379-b7bb-ed6765d3e321,[],"[{'ext_ID': 'MDRPH054', 'ext_ID_db': 'GO-App', 'ext_ID_org': 'IFRC'}]",GO-DREF,https://goadmin.ifrc.org/api/v2/appeal,IFRC,expspec_ecoifrcall,739170.0,imptypcost,unitISO4217C-CHF,esttype_prim,2024-08-03,2024-08-03,2025-02-28,2024-08-04,"[{'imp_spat_ID': 'GO-ADM0-World-shp', 'imp_spat_fileloc': 'https://go-user-library.ifrc.org/maps'}]","[{'imp_ISO3s': 'PHL', 'imp_spat_covcode': 'spat_polygon', 'imp_spat_res': 0, 'imp_spat_resunits': 'adminlevel', 'imp_spat_crs': 'EPSG:4326'}]","[{'imp_spat_srcdb': 'GO-Maps', 'imp_spat_URL': 'https://go-user-library.ifrc.org/maps', 'imp_spat_srcorg': 'IFRC'}]",2024-08-14
monty_8b1f91c2-ff8a-453e-a471-2c8ab8d04ff0,imp_12b38c87-5ec5-47d3-83f7-3b19005869bf,[],"[{'ext_ID': 'MDRML019', 'ext_ID_db': 'GO-App', 'ext_ID_org': 'IFRC'}]",GO-DREF,https://goadmin.ifrc.org/api/v2/appeal,IFRC,expspec_allpeop,7000.0,imptyptarg,unitscountnum,esttype_prim,2024-08-04,2024-08-04,2024-11-30,2024-08-05,"[{'imp_spat_ID': 'GO-ADM0-World-shp', 'imp_spat_fileloc': 'https://go-user-library.ifrc.org/maps'}]","[{'imp_ISO3s': 'MLI', 'imp_spat_covcode': 'spat_polygon', 'imp_spat_res': 0, 'imp_spat_resunits': 'adminlevel', 'imp_spat_crs': 'EPSG:4326'}]","[{'imp_spat_srcdb': 'GO-Maps', 'imp_spat_URL': 'https://go-user-library.ifrc.org/maps', 'imp_spat_srcorg': 'IFRC'}]",2024-08-14
monty_8b1f91c2-ff8a-453e-a471-2c8ab8d04ff0,imp_4160d233-3949-4197-a698-e5df94920051,[],"[{'ext_ID': 'MDRML019', 'ext_ID_db': 'GO-App', 'ext_ID_org': 'IFRC'}]",GO-DREF,https://goadmin.ifrc.org/api/v2/appeal,IFRC,expspec_ecoifrcall,167887.0,imptypcost,unitISO4217C-CHF,esttype_prim,2024-08-04,2024-08-04,2024-11-30,2024-08-05,"[{'imp_spat_ID': 'GO-ADM0-World-shp', 'imp_spat_fileloc': 'https://go-user-library.ifrc.org/maps'}]","[{'imp_ISO3s': 'MLI', 'imp_spat_covcode': 'spat_polygon', 'imp_spat_res': 0, 'imp_spat_resunits': 'adminlevel', 'imp_spat_crs': 'EPSG:4326'}]","[{'imp_spat_srcdb': 'GO-Maps', 'imp_spat_URL': 'https://go-user-library.ifrc.org/maps', 'imp_spat_srcorg': 'IFRC'}]",2024-08-14
monty_14a8353d-59e9-492c-9dfe-dcaccfacbcb8,imp_cf735a9c-c655-4c02-bfce-6ceb4ba251da,[],"[{'ext_ID': 'MDRMM020', 'ext_ID_db': 'GO-App', 'ext_ID_org': 'IFRC'}]",GO-DREF,https://goadmin.ifrc.org/api/v2/appeal,IFRC,expspec_allpeop,15000.0,imptyptarg,unitscountnum,esttype_prim,2024-08-09,2024-08-09,2025-05-31,2024-08-10,"[{'imp_spat_ID': 'GO-ADM0-World-shp', 'imp_spat_fileloc': 'https://go-user-library.ifrc.org/maps'}]","[{'imp_ISO3s': 'MMR', 'imp_spat_covcode': 'spat_polygon', 'imp_spat_res': 0, 'imp_spat_resunits': 'adminlevel', 'imp_spat_crs': 'EPSG:4326'}]","[{'imp_spat_srcdb': 'GO-Maps', 'imp_spat_URL': 'https://go-user-library.ifrc.org/maps', 'imp_spat_srcorg': 'IFRC'}]",2024-08-14
monty_14a8353d-59e9-492c-9dfe-dcaccfacbcb8,imp_42327130-bc4a-4779-a6f4-5f260a4f466e,[],"[{'ext_ID': 'MDRMM020', 'ext_ID_db': 'GO-App', 'ext_ID_org': 'IFRC'}]",GO-DREF,https://goadmin.ifrc.org/api/v2/appeal,IFRC,expspec_ecoifrcall,825215.0,imptypcost,unitISO4217C-CHF,esttype_prim,2024-08-09,2024-08-09,2025-05-31,2024-08-10,"[{'imp_spat_ID': 'GO-ADM0-World-shp', 'imp_spat_fileloc': 'https://go-user-library.ifrc.org/maps'}]","[{'imp_ISO3s': 'MMR', 'imp_spat_covcode': 'spat_polygon', 'imp_spat_res': 0, 'imp_spat_resunits': 'adminlevel', 'imp_spat_crs': 'EPSG:4326'}]","[{'imp_spat_srcdb': 'GO-Maps', 'imp_spat_URL': 'https://go-user-library.ifrc.org/maps', 'imp_spat_srcorg': 'IFRC'}]",2024-08-14
monty_f7d4e440-f3ed-4e4d-baf9-295b132681db,imp_1638ac4c-91e2-4924-b5ed-5ca177d9a571,[],"[{'ext_ID': 'MDRGN017', 'ext_ID_db': 'GO-App', 'ext_ID_org': 'IFRC'}]",GO-DREF,https://goadmin.ifrc.org/api/v2/appeal,IFRC,expspec_allpeop,13300.0,imptyptarg,unitscountnum,esttype_prim,2024-08-13,2024-08-13,2024-12-31,2024-08-14,"[{'imp_spat_ID': 'GO-ADM0-World-shp', 'imp_spat_fileloc': 'https://go-user-library.ifrc.org/maps'}]","[{'imp_ISO3s': 'GIN', 'imp_spat_covcode': 'spat_polygon', 'imp_spat_res': 0, 'imp_spat_resunits': 'adminlevel', 'imp_spat_crs': 'EPSG:4326'}]","[{'imp_spat_srcdb': 'GO-Maps', 'imp_spat_URL': 'https://go-user-library.ifrc.org/maps', 'imp_spat_srcorg': 'IFRC'}]",2024-08-14
monty_f7d4e440-f3ed-4e4d-baf9-295b132681db,imp_aeb4797d-72d1-41a6-96cb-e2c0d7acd590,[],"[{'ext_ID': 'MDRGN017', 'ext_ID_db': 'GO-App', 'ext_ID_org': 'IFRC'}]",GO-DREF,https://goadmin.ifrc.org/api/v2/appeal,IFRC,expspec_ecoifrcall,467835.0,imptypcost,unitISO4217C-CHF,esttype_prim,2024-08-13,2024-08-13,2024-12-31,2024-08-14,"[{'imp_spat_ID': 'GO-ADM0-World-shp', 'imp_spat_fileloc': 'https://go-user-library.ifrc.org/maps'}]","[{'imp_ISO3s': 'GIN', 'imp_spat_covcode': 'spat_polygon', 'imp_spat_res': 0, 'imp_spat_resunits': 'adminlevel', 'imp_spat_crs': 'EPSG:4326'}]","[{'imp_spat_srcdb': 'GO-Maps', 'imp_spat_URL': 'https://go-user-library.ifrc.org/maps', 'imp_spat_srcorg': 'IFRC'}]",2024-08-14
